iso,year,ethlow_varname,eth_low,eth_low_name,eth_hrm,eth_hrm_name
BEN,1979,ethnicbj,100,Adja and related ethinicities,101,Adja
BEN,1979,ethnicbj,110,Adja,101,Adja
BEN,1979,ethnicbj,111,Ouatchi,101,Adja
BEN,1979,ethnicbj,112,Mina,101,Adja
BEN,1979,ethnicbj,113,Sahoue,101,Adja
BEN,1979,ethnicbj,114,Houeda,101,Adja
BEN,1979,ethnicbj,115,Xwla,101,Adja
BEN,1979,ethnicbj,116,Defi,101,Adja
BEN,1979,ethnicbj,200,Fon and related ethinicities,102,Fon
BEN,1979,ethnicbj,220,Aizo,102,Fon
BEN,1979,ethnicbj,221,Fon,102,Fon
BEN,1979,ethnicbj,222,Goun,102,Fon
BEN,1979,ethnicbj,223,Kotafon,102,Fon
BEN,1979,ethnicbj,224,Mahi,102,Fon
BEN,1979,ethnicbj,225,Weme,102,Fon
BEN,1979,ethnicbj,226,Tofin,102,Fon
BEN,1979,ethnicbj,227,Torri,102,Fon
BEN,1979,ethnicbj,228,Seto,102,Fon
BEN,1979,ethnicbj,229,Agouna,102,Fon
BEN,1979,ethnicbj,300,Bariba and related ethnicities,103,Bariba
BEN,1979,ethnicbj,330,Bariba,103,Bariba
BEN,1979,ethnicbj,331,Boko,103,Bariba
BEN,1979,ethnicbj,332,Boo,103,Bariba
BEN,1979,ethnicbj,400,Dendi and related ethnicities,104,Dendi
BEN,1979,ethnicbj,440,Dendi,104,Dendi
BEN,1979,ethnicbj,441,Djerma,104,Dendi
BEN,1979,ethnicbj,500,Yoa and related ethnicities,105,Yoa
BEN,1979,ethnicbj,550,Dompago Ou Lokpa,105,Yoa
BEN,1979,ethnicbj,551,Kabye,105,Yoa
BEN,1979,ethnicbj,552,Koto-Koli,105,Yoa
BEN,1979,ethnicbj,553,Yoa,105,Yoa
BEN,1979,ethnicbj,554,Soruba,105,Yoa
BEN,1979,ethnicbj,555,Taneka,105,Yoa
BEN,1979,ethnicbj,557,Yom Ou Pila-Pila,105,Yoa
BEN,1979,ethnicbj,558,Ani,105,Yoa
BEN,1979,ethnicbj,559,Foodo,105,Yoa
BEN,1979,ethnicbj,556,Windji-windji,105,Yoa
BEN,1979,ethnicbj,600,Peulh and related ethnicities,106,Peulh
BEN,1979,ethnicbj,660,Peulh,106,Peulh
BEN,1979,ethnicbj,661,Gando,106,Peulh
BEN,1979,ethnicbj,700,Otamari and related ethnicities,107,Otamari
BEN,1979,ethnicbj,770,Berba,107,Otamari
BEN,1979,ethnicbj,771,Ditamari,107,Otamari
BEN,1979,ethnicbj,773,Gagamba,107,Otamari
BEN,1979,ethnicbj,774,Gurma,107,Otamari
BEN,1979,ethnicbj,775,Hossori,107,Otamari
BEN,1979,ethnicbj,776,Natimba,107,Otamari
BEN,1979,ethnicbj,778,Waama,107,Otamari
BEN,1979,ethnicbj,779,Yende,107,Otamari
BEN,1979,ethnicbj,777,Otamary,107,Otamari
BEN,1979,ethnicbj,800,Yoruba and related ethnicities,108,Yoruba
BEN,1979,ethnicbj,880,Yoruba,108,Yoruba
BEN,1979,ethnicbj,881,Nagot,108,Yoruba
BEN,1979,ethnicbj,882,Chabe,108,Yoruba
BEN,1979,ethnicbj,883,Idaasha,108,Yoruba
BEN,1979,ethnicbj,884,Holli-Dje,108,Yoruba
BEN,1979,ethnicbj,885,Ife,108,Yoruba
BEN,1979,ethnicbj,886,Ketou,108,Yoruba
BEN,1979,ethnicbj,887,Manigri,108,Yoruba
BEN,1979,ethnicbj,888,Partago,108,Yoruba
BEN,1979,ethnicbj,889,Mokole,108,Yoruba
BEN,1979,ethnicbj,890,Zerma,108,Yoruba
BEN,1979,ethnicbj,891,Hawsa,108,Yoruba
BEN,1979,ethnicbj,892,Contimba,108,Yoruba
BEN,1979,ethnicbj,893,"Yoruba, other ethnicities",108,Yoruba
BEN,1979,ethnicbj,996,Other ethnicities of Benin,109,Other African
BEN,1979,ethnicbj,997,Naturalized,109,Other African
BEN,1979,ethnicbj,998,Foreigner,109,Other African
BEN,1979,ethnicbj,999,Unknown,,
BEN,1992,ethnicbj,100,Adja and related ethinicities,101,Adja
BEN,1992,ethnicbj,110,Adja,101,Adja
BEN,1992,ethnicbj,111,Ouatchi,101,Adja
BEN,1992,ethnicbj,112,Mina,101,Adja
BEN,1992,ethnicbj,113,Sahoue,101,Adja
BEN,1992,ethnicbj,114,Houeda,101,Adja
BEN,1992,ethnicbj,115,Xwla,101,Adja
BEN,1992,ethnicbj,116,Defi,101,Adja
BEN,1992,ethnicbj,200,Fon and related ethinicities,102,Fon
BEN,1992,ethnicbj,220,Aizo,102,Fon
BEN,1992,ethnicbj,221,Fon,102,Fon
BEN,1992,ethnicbj,222,Goun,102,Fon
BEN,1992,ethnicbj,223,Kotafon,102,Fon
BEN,1992,ethnicbj,224,Mahi,102,Fon
BEN,1992,ethnicbj,225,Weme,102,Fon
BEN,1992,ethnicbj,226,Tofin,102,Fon
BEN,1992,ethnicbj,227,Torri,102,Fon
BEN,1992,ethnicbj,228,Seto,102,Fon
BEN,1992,ethnicbj,229,Agouna,102,Fon
BEN,1992,ethnicbj,300,Bariba and related ethnicities,103,Bariba
BEN,1992,ethnicbj,330,Bariba,103,Bariba
BEN,1992,ethnicbj,331,Boko,103,Bariba
BEN,1992,ethnicbj,332,Boo,103,Bariba
BEN,1992,ethnicbj,400,Dendi and related ethnicities,104,Dendi
BEN,1992,ethnicbj,440,Dendi,104,Dendi
BEN,1992,ethnicbj,441,Djerma,104,Dendi
BEN,1992,ethnicbj,500,Yoa and related ethnicities,105,Yoa
BEN,1992,ethnicbj,550,Dompago Ou Lokpa,105,Yoa
BEN,1992,ethnicbj,551,Kabye,105,Yoa
BEN,1992,ethnicbj,552,Koto-Koli,105,Yoa
BEN,1992,ethnicbj,553,Yoa,105,Yoa
BEN,1992,ethnicbj,554,Soruba,105,Yoa
BEN,1992,ethnicbj,555,Taneka,105,Yoa
BEN,1992,ethnicbj,557,Yom Ou Pila-Pila,105,Yoa
BEN,1992,ethnicbj,558,Ani,105,Yoa
BEN,1992,ethnicbj,559,Foodo,105,Yoa
BEN,1992,ethnicbj,556,Windji-windji,105,Yoa
BEN,1992,ethnicbj,600,Peulh and related ethnicities,106,Peulh
BEN,1992,ethnicbj,660,Peulh,106,Peulh
BEN,1992,ethnicbj,661,Gando,106,Peulh
BEN,1992,ethnicbj,700,Otamari and related ethnicities,107,Otamari
BEN,1992,ethnicbj,770,Berba,107,Otamari
BEN,1992,ethnicbj,771,Ditamari,107,Otamari
BEN,1992,ethnicbj,773,Gagamba,107,Otamari
BEN,1992,ethnicbj,774,Gurma,107,Otamari
BEN,1992,ethnicbj,775,Hossori,107,Otamari
BEN,1992,ethnicbj,776,Natimba,107,Otamari
BEN,1992,ethnicbj,778,Waama,107,Otamari
BEN,1992,ethnicbj,779,Yende,107,Otamari
BEN,1992,ethnicbj,777,Otamary,107,Otamari
BEN,1992,ethnicbj,800,Yoruba and related ethnicities,108,Yoruba
BEN,1992,ethnicbj,880,Yoruba,108,Yoruba
BEN,1992,ethnicbj,881,Nagot,108,Yoruba
BEN,1992,ethnicbj,882,Chabe,108,Yoruba
BEN,1992,ethnicbj,883,Idaasha,108,Yoruba
BEN,1992,ethnicbj,884,Holli-Dje,108,Yoruba
BEN,1992,ethnicbj,885,Ife,108,Yoruba
BEN,1992,ethnicbj,886,Ketou,108,Yoruba
BEN,1992,ethnicbj,887,Manigri,108,Yoruba
BEN,1992,ethnicbj,888,Partago,108,Yoruba
BEN,1992,ethnicbj,889,Mokole,108,Yoruba
BEN,1992,ethnicbj,890,Zerma,108,Yoruba
BEN,1992,ethnicbj,891,Hawsa,108,Yoruba
BEN,1992,ethnicbj,892,Contimba,108,Yoruba
BEN,1992,ethnicbj,893,"Yoruba, other ethnicities",108,Yoruba
BEN,1992,ethnicbj,996,Other ethnicities of Benin,109,Other African
BEN,1992,ethnicbj,997,Naturalized,109,Other African
BEN,1992,ethnicbj,998,Foreigner,109,Other African
BEN,1992,ethnicbj,999,Unknown,,
BEN,2002,ethnicbj,100,Adja and related ethinicities,101,Adja
BEN,2002,ethnicbj,110,Adja,101,Adja
BEN,2002,ethnicbj,111,Ouatchi,101,Adja
BEN,2002,ethnicbj,112,Mina,101,Adja
BEN,2002,ethnicbj,113,Sahoue,101,Adja
BEN,2002,ethnicbj,114,Houeda,101,Adja
BEN,2002,ethnicbj,115,Xwla,101,Adja
BEN,2002,ethnicbj,116,Defi,101,Adja
BEN,2002,ethnicbj,200,Fon and related ethinicities,102,Fon
BEN,2002,ethnicbj,220,Aizo,102,Fon
BEN,2002,ethnicbj,221,Fon,102,Fon
BEN,2002,ethnicbj,222,Goun,102,Fon
BEN,2002,ethnicbj,223,Kotafon,102,Fon
BEN,2002,ethnicbj,224,Mahi,102,Fon
BEN,2002,ethnicbj,225,Weme,102,Fon
BEN,2002,ethnicbj,226,Tofin,102,Fon
BEN,2002,ethnicbj,227,Torri,102,Fon
BEN,2002,ethnicbj,228,Seto,102,Fon
BEN,2002,ethnicbj,229,Agouna,102,Fon
BEN,2002,ethnicbj,300,Bariba and related ethnicities,103,Bariba
BEN,2002,ethnicbj,330,Bariba,103,Bariba
BEN,2002,ethnicbj,331,Boko,103,Bariba
BEN,2002,ethnicbj,332,Boo,103,Bariba
BEN,2002,ethnicbj,400,Dendi and related ethnicities,104,Dendi
BEN,2002,ethnicbj,440,Dendi,104,Dendi
BEN,2002,ethnicbj,441,Djerma,104,Dendi
BEN,2002,ethnicbj,500,Yoa and related ethnicities,105,Yoa
BEN,2002,ethnicbj,550,Dompago Ou Lokpa,105,Yoa
BEN,2002,ethnicbj,551,Kabye,105,Yoa
BEN,2002,ethnicbj,552,Koto-Koli,105,Yoa
BEN,2002,ethnicbj,553,Yoa,105,Yoa
BEN,2002,ethnicbj,554,Soruba,105,Yoa
BEN,2002,ethnicbj,555,Taneka,105,Yoa
BEN,2002,ethnicbj,557,Yom Ou Pila-Pila,105,Yoa
BEN,2002,ethnicbj,558,Ani,105,Yoa
BEN,2002,ethnicbj,559,Foodo,105,Yoa
BEN,2002,ethnicbj,556,Windji-windji,105,Yoa
BEN,2002,ethnicbj,600,Peulh and related ethnicities,106,Peulh
BEN,2002,ethnicbj,660,Peulh,106,Peulh
BEN,2002,ethnicbj,661,Gando,106,Peulh
BEN,2002,ethnicbj,700,Otamari and related ethnicities,107,Otamari
BEN,2002,ethnicbj,770,Berba,107,Otamari
BEN,2002,ethnicbj,771,Ditamari,107,Otamari
BEN,2002,ethnicbj,773,Gagamba,107,Otamari
BEN,2002,ethnicbj,774,Gurma,107,Otamari
BEN,2002,ethnicbj,775,Hossori,107,Otamari
BEN,2002,ethnicbj,776,Natimba,107,Otamari
BEN,2002,ethnicbj,778,Waama,107,Otamari
BEN,2002,ethnicbj,779,Yende,107,Otamari
BEN,2002,ethnicbj,777,Otamary,107,Otamari
BEN,2002,ethnicbj,800,Yoruba and related ethnicities,108,Yoruba
BEN,2002,ethnicbj,880,Yoruba,108,Yoruba
BEN,2002,ethnicbj,881,Nagot,108,Yoruba
BEN,2002,ethnicbj,882,Chabe,108,Yoruba
BEN,2002,ethnicbj,883,Idaasha,108,Yoruba
BEN,2002,ethnicbj,884,Holli-Dje,108,Yoruba
BEN,2002,ethnicbj,885,Ife,108,Yoruba
BEN,2002,ethnicbj,886,Ketou,108,Yoruba
BEN,2002,ethnicbj,887,Manigri,108,Yoruba
BEN,2002,ethnicbj,888,Partago,108,Yoruba
BEN,2002,ethnicbj,889,Mokole,108,Yoruba
BEN,2002,ethnicbj,890,Zerma,108,Yoruba
BEN,2002,ethnicbj,891,Hawsa,108,Yoruba
BEN,2002,ethnicbj,892,Contimba,108,Yoruba
BEN,2002,ethnicbj,893,"Yoruba, other ethnicities",108,Yoruba
BEN,2002,ethnicbj,996,Other ethnicities of Benin,109,Other African
BEN,2002,ethnicbj,997,Naturalized,109,Other African
BEN,2002,ethnicbj,998,Foreigner,109,Other African
BEN,2002,ethnicbj,999,Unknown,,
BEN,2013,ethnicbj,100,Adja and related ethinicities,101,Adja
BEN,2013,ethnicbj,110,Adja,101,Adja
BEN,2013,ethnicbj,111,Ouatchi,101,Adja
BEN,2013,ethnicbj,112,Mina,101,Adja
BEN,2013,ethnicbj,113,Sahoue,101,Adja
BEN,2013,ethnicbj,114,Houeda,101,Adja
BEN,2013,ethnicbj,115,Xwla,101,Adja
BEN,2013,ethnicbj,116,Defi,101,Adja
BEN,2013,ethnicbj,200,Fon and related ethinicities,102,Fon
BEN,2013,ethnicbj,220,Aizo,102,Fon
BEN,2013,ethnicbj,221,Fon,102,Fon
BEN,2013,ethnicbj,222,Goun,102,Fon
BEN,2013,ethnicbj,223,Kotafon,102,Fon
BEN,2013,ethnicbj,224,Mahi,102,Fon
BEN,2013,ethnicbj,225,Weme,102,Fon
BEN,2013,ethnicbj,226,Tofin,102,Fon
BEN,2013,ethnicbj,227,Torri,102,Fon
BEN,2013,ethnicbj,228,Seto,102,Fon
BEN,2013,ethnicbj,229,Agouna,102,Fon
BEN,2013,ethnicbj,300,Bariba and related ethnicities,103,Bariba
BEN,2013,ethnicbj,330,Bariba,103,Bariba
BEN,2013,ethnicbj,331,Boko,103,Bariba
BEN,2013,ethnicbj,332,Boo,103,Bariba
BEN,2013,ethnicbj,400,Dendi and related ethnicities,104,Dendi
BEN,2013,ethnicbj,440,Dendi,104,Dendi
BEN,2013,ethnicbj,441,Djerma,104,Dendi
BEN,2013,ethnicbj,500,Yoa and related ethnicities,105,Yoa
BEN,2013,ethnicbj,550,Dompago Ou Lokpa,105,Yoa
BEN,2013,ethnicbj,551,Kabye,105,Yoa
BEN,2013,ethnicbj,552,Koto-Koli,105,Yoa
BEN,2013,ethnicbj,553,Yoa,105,Yoa
BEN,2013,ethnicbj,554,Soruba,105,Yoa
BEN,2013,ethnicbj,555,Taneka,105,Yoa
BEN,2013,ethnicbj,557,Yom Ou Pila-Pila,105,Yoa
BEN,2013,ethnicbj,558,Ani,105,Yoa
BEN,2013,ethnicbj,559,Foodo,105,Yoa
BEN,2013,ethnicbj,556,Windji-windji,105,Yoa
BEN,2013,ethnicbj,600,Peulh and related ethnicities,106,Peulh
BEN,2013,ethnicbj,660,Peulh,106,Peulh
BEN,2013,ethnicbj,661,Gando,106,Peulh
BEN,2013,ethnicbj,700,Otamari and related ethnicities,107,Otamari
BEN,2013,ethnicbj,770,Berba,107,Otamari
BEN,2013,ethnicbj,771,Ditamari,107,Otamari
BEN,2013,ethnicbj,773,Gagamba,107,Otamari
BEN,2013,ethnicbj,774,Gurma,107,Otamari
BEN,2013,ethnicbj,775,Hossori,107,Otamari
BEN,2013,ethnicbj,776,Natimba,107,Otamari
BEN,2013,ethnicbj,778,Waama,107,Otamari
BEN,2013,ethnicbj,779,Yende,107,Otamari
BEN,2013,ethnicbj,777,Otamary,107,Otamari
BEN,2013,ethnicbj,800,Yoruba and related ethnicities,108,Yoruba
BEN,2013,ethnicbj,880,Yoruba,108,Yoruba
BEN,2013,ethnicbj,881,Nagot,108,Yoruba
BEN,2013,ethnicbj,882,Chabe,108,Yoruba
BEN,2013,ethnicbj,883,Idaasha,108,Yoruba
BEN,2013,ethnicbj,884,Holli-Dje,108,Yoruba
BEN,2013,ethnicbj,885,Ife,108,Yoruba
BEN,2013,ethnicbj,886,Ketou,108,Yoruba
BEN,2013,ethnicbj,887,Manigri,108,Yoruba
BEN,2013,ethnicbj,888,Partago,108,Yoruba
BEN,2013,ethnicbj,889,Mokole,108,Yoruba
BEN,2013,ethnicbj,890,Zerma,108,Yoruba
BEN,2013,ethnicbj,891,Hawsa,108,Yoruba
BEN,2013,ethnicbj,892,Contimba,108,Yoruba
BEN,2013,ethnicbj,893,"Yoruba, other ethnicities",108,Yoruba
BEN,2013,ethnicbj,996,Other ethnicities of Benin,109,Other African
BEN,2013,ethnicbj,997,Naturalized,109,Other African
BEN,2013,ethnicbj,998,Foreigner,109,Other African
BEN,2013,ethnicbj,999,Unknown,,
BWA,2001,langbw,1,Setswana,201,Setswana
BWA,2001,langbw,2,English,202,English
BWA,2001,langbw,3,Kalanga/ Sekalaka,203,Kalanga
BWA,2001,langbw,4,Sekgalagadi or Sengologa,204,Sekgalagagi
BWA,2001,langbw,5,Seyei,208,Other African
BWA,2001,langbw,6,Herero,208,Other African
BWA,2001,langbw,7,Setswapong,208,Other African
BWA,2001,langbw,8,Sebirwa,208,Other African
BWA,2001,langbw,9,Sembukushu,205,Sembukushu
BWA,2001,langbw,10,Sesubiya,208,Other African
BWA,2001,langbw,11,Sekgothu,208,Other African
BWA,2001,langbw,12,Sesarwa,206,Sesarwa
BWA,2001,langbw,13,Afrikaans,,
BWA,2001,langbw,14,Ndebele,208,Other African
BWA,2001,langbw,15,Zezuru or Shona,207,Zezuru
BWA,2001,langbw,16,Indian,,
BWA,2001,langbw,20,Other African,208,Other African
BWA,2001,langbw,21,Other European,,
BWA,2001,langbw,22,Other Asian,,
BWA,2001,langbw,23,Other (not elsewhere classified),208,Other African
BWA,2001,langbw,98,Unknown,,
BWA,2001,langbw,99,NIU (not in universe),,
BWA,2011,langbw,1,Setswana,201,Setswana
BWA,2011,langbw,2,English,202,English
BWA,2011,langbw,3,Kalanga/ Sekalaka,203,Kalanga
BWA,2011,langbw,4,Sekgalagadi or Sengologa,204,Sekgalagagi
BWA,2011,langbw,5,Seyei,208,Other African
BWA,2011,langbw,6,Herero,208,Other African
BWA,2011,langbw,7,Setswapong,208,Other African
BWA,2011,langbw,8,Sebirwa,208,Other African
BWA,2011,langbw,9,Sembukushu,205,Sembukushu
BWA,2011,langbw,10,Sesubiya,208,Other African
BWA,2011,langbw,11,Sekgothu,208,Other African
BWA,2011,langbw,12,Sesarwa,206,Sesarwa
BWA,2011,langbw,13,Afrikaans,,
BWA,2011,langbw,14,Ndebele,208,Other African
BWA,2011,langbw,15,Zezuru or Shona,207,Zezuru
BWA,2011,langbw,16,Indian,,
BWA,2011,langbw,20,Other African,208,Other African
BWA,2011,langbw,21,Other European,,
BWA,2011,langbw,22,Other Asian,,
BWA,2011,langbw,23,Other (not elsewhere classified),208,Other African
BWA,2011,langbw,98,Unknown,,
BWA,2011,langbw,99,NIU (not in universe),,
BFA,2006,langbf,2,Djerma,317,Other African
BFA,2006,langbf,3,Haoussa,317,Other African
BFA,2006,langbf,4,Wolof,317,Other African
BFA,2006,langbf,5,Other African language,317,Other African
BFA,2006,langbf,6,French,301,French
BFA,2006,langbf,7,Arab,,
BFA,2006,langbf,8,English,,
BFA,2006,langbf,10,Other non-African language,,
BFA,2006,langbf,11,Bissa,302,Bissa
BFA,2006,langbf,12,Bobo,303,Bobo
BFA,2006,langbf,13,Bwamu (or Bwamou),304,Bwamu (or Bwamou)
BFA,2006,langbf,14,Dafing,303,Bobo
BFA,2006,langbf,15,Dagara,306,Dioula (or Bambara)
BFA,2006,langbf,16,Dioula (or Bambara),306,Dioula (or Bambara)
BFA,2006,langbf,17,Dogon (or Kaado),317,Other African
BFA,2006,langbf,18,Fulfulde (or Peulh),307,Fulfulde (or Peulh)
BFA,2006,langbf,19,Gouin,316,Gurunsi
BFA,2006,langbf,20,Goulmancema (or Gourmantché),308,Goulmancema (or Gourmantché)
BFA,2006,langbf,21,Kassena,316,Gurunsi
BFA,2006,langbf,22,Ko,316,Gurunsi
BFA,2006,langbf,23,Koussassé,316,Gurunsi
BFA,2006,langbf,24,Lyele,316,Gurunsi
BFA,2006,langbf,25,Lobiri,316,Gurunsi
BFA,2006,langbf,26,Minianka,317,Other African
BFA,2006,langbf,27,Moore,315,Mossi
BFA,2006,langbf,28,Nuni (Nounouma),316,Gurunsi
BFA,2006,langbf,29,San (or Samogho or Samo),313,San (or Samogho or Samo)
BFA,2006,langbf,30,Sembla,317,Other African
BFA,2006,langbf,31,Senoufo,314,Senoufo
BFA,2006,langbf,32,Siamou,317,Other African
BFA,2006,langbf,33,Sissaka,317,Other African
BFA,2006,langbf,34,Sonrhai,317,Other African
BFA,2006,langbf,35,Tamacheque (or Bella),317,Other African
BFA,2006,langbf,36,Gurunsi,316,Gurunsi
BFA,2006,langbf,37,Other national languages,317,Other African
BFA,2006,langbf,98,Unknown,,
BFA,2006,langbf,99,NIU (not in universe),,
ETH,1984,et1984a_ethnic,0,"Amhara or Gondere, Gainte, Semein, Farte, Gojame, Dante, Wadle, Delante, Sainte, Laste, Shewe, Gulete, Jiruye",603,Amara
ETH,1984,et1984a_ethnic,1,"Adere, Hadere, Arere or Harare",614,Other African
ETH,1984,et1984a_ethnic,2,Argoba,614,Other African
ETH,1984,et1984a_ethnic,3,"Gurage, Cheha, Enemur, Kestane, Sodo, Meskan, Muher, Silti, Gogot, Gumer, Endegagn, Enekor, Muger, Megareb, Gura, Azhaya, Welene, Mareqo or Iner",606,Gurage
ETH,1984,et1984a_ethnic,4,"Tigre, Habab, Ad Tekele, Ad TiMariam or Mensa",612,Tigrie
ETH,1984,et1984a_ethnic,5,"Tigrawawi, Tigrie",612,Tigrie
ETH,1984,et1984a_ethnic,6,"Agew, Awnegi, Konfele",602,Agew
ETH,1984,et1984a_ethnic,7,Bilen,614,Other African
ETH,1984,et1984a_ethnic,8,Wage,614,Other African
ETH,1984,et1984a_ethnic,9,Kimant,614,Other African
ETH,1984,et1984a_ethnic,10,"Beja, Bedawi or Hadareb",614,Other African
ETH,1984,et1984a_ethnic,11,"Oromo, Tulama, Itu, Kereyu, Wello, Lemu, Lika, Gelen, Becho, Abicho, Selalie, Arsi, or Raya Azebo",609,Oromo
ETH,1984,et1984a_ethnic,12,Borena,614,Other African
ETH,1984,et1984a_ethnic,13,Guji,609,Oromo
ETH,1984,et1984a_ethnic,14,"Arbore, Erbore, Aldi",614,Other African
ETH,1984,et1984a_ethnic,15,"Bussa, Musiya",614,Other African
ETH,1984,et1984a_ethnic,16,"Dasanech, Feleb, Geleba",614,Other African
ETH,1984,et1984a_ethnic,17,"Gewada, Mashele, Kule, Gobeze, Werze or Ale",614,Other African
ETH,1984,et1984a_ethnic,18,"Gidole, Darashat; Gardula, Diraytat, Duretu",614,Other African
ETH,1984,et1984a_ethnic,19,"Konso, Karate",614,Other African
ETH,1984,et1984a_ethnic,20,"Tsemay, Semay, Dume or Kuile",614,Other African
ETH,1984,et1984a_ethnic,21,Sidama,610,Sidama
ETH,1984,et1984a_ethnic,22,"Burji dashi, Bambela",614,Other African
ETH,1984,et1984a_ethnic,23,"Gedeo, Derasa",605,Gedeo
ETH,1984,et1984a_ethnic,24,"Hadiya, Adiya",607,Hadiya
ETH,1984,et1984a_ethnic,25,"Kembata, Kembicho or Hayahaya",614,Other African
ETH,1984,et1984a_ethnic,26,"Alaba muger, Ganzo, Sis, or Shay",614,Other African
ETH,1984,et1984a_ethnic,27,Tamberawa,614,Other African
ETH,1984,et1984a_ethnic,28,Kebina,614,Other African
ETH,1984,et1984a_ethnic,29,"Afar, Denakil, Dankele, Belewse, Damohota, Dahimela, Ankela or Modayitu",601,Affar
ETH,1984,et1984a_ethnic,30,"Somali, Kard, Issaq, Hawya, Gedeburbi or Issa",611,Somali
ETH,1984,et1984a_ethnic,31,"Saho, Shaha, Debri Mila, Asawurta, Miniferi, Hanhazo, Irob, Tewrwua",614,Other African
ETH,1984,et1984a_ethnic,32,"Mao, Kenfelo, Genza, Sigoyu, Gewami or Banbisha",614,Other African
ETH,1984,et1984a_ethnic,33,"Ari, Ara, Aro/Bako, Kalu",614,Other African
ETH,1984,et1984a_ethnic,34,"Hamer, Beshan, Bana or Karo",614,Other African
ETH,1984,et1984a_ethnic,35,Dami,614,Other African
ETH,1984,et1984a_ethnic,36,"Dizi, Maji",614,Other African
ETH,1984,et1984a_ethnic,37,"Yemsa, Yema, Janjaro",614,Other African
ETH,1984,et1984a_ethnic,38,"Bento, Benchinon, She, Gimira",614,Other African
ETH,1984,et1984a_ethnic,39,"Kafa, Keficho, Kanga, Beshguaro",608,Kafa
ETH,1984,et1984a_ethnic,40,"Nao, Nawo",614,Other African
ETH,1984,et1984a_ethnic,41,"Mocha, Sheki",614,Other African
ETH,1984,et1984a_ethnic,42,"Shako, Dizu, Bula, Dersa, Derso, Doreso",614,Other African
ETH,1984,et1984a_ethnic,43,"Shenash, Boro, Darecha, Chico, Semein Chico",614,Other African
ETH,1984,et1984a_ethnic,44,"Domete, Kulo, Dawro",614,Other African
ETH,1984,et1984a_ethnic,45,Konta,614,Other African
ETH,1984,et1984a_ethnic,46,"Basketo, Angila, Mashera, Doko, Dolo Dola",614,Other African
ETH,1984,et1984a_ethnic,47,Dorze,614,Other African
ETH,1984,et1984a_ethnic,48,Gamo,604,Gamo
ETH,1984,et1984a_ethnic,49,"Ganjile, Bacha",614,Other African
ETH,1984,et1984a_ethnic,50,"Gofa, Genu",614,Other African
ETH,1984,et1984a_ethnic,51,"Kechem, Kacamo, Gatsam, Haruro",614,Other African
ETH,1984,et1984a_ethnic,52,"Hoyira, Amaro, Amariti, Gidito",614,Other African
ETH,1984,et1984a_ethnic,53,Male,614,Other African
ETH,1984,et1984a_ethnic,54,"Malo, Dawla",614,Other African
ETH,1984,et1984a_ethnic,55,Chara,614,Other African
ETH,1984,et1984a_ethnic,56,Welayita,613,Welaita
ETH,1984,et1984a_ethnic,57,"Zeyise, Zergula",614,Other African
ETH,1984,et1984a_ethnic,58,Ayida,614,Other African
ETH,1984,et1984a_ethnic,59,"Surma, Tirma, Dama",614,Other African
ETH,1984,et1984a_ethnic,60,"Guagu, Kuagu, Muguji, Udi, Gnedenie",614,Other African
ETH,1984,et1984a_ethnic,61,"Me-ein, Meken, Dayno, Sarkemo, Boju, Bodu, Teshan, Minit",614,Other African
ETH,1984,et1984a_ethnic,62,"Mesengo, Majank, Mezhnger",614,Other African
ETH,1984,et1984a_ethnic,63,"Mursi, Mun, Muni, Gnikalabong, Tama",614,Other African
ETH,1984,et1984a_ethnic,64,"Suri, Chai, Gnikorma",614,Other African
ETH,1984,et1984a_ethnic,65,"Zilmam, Bale, Male, Lalmam",614,Other African
ETH,1984,et1984a_ethnic,66,"Murle, Alawo mursie, Omo Murle, Others",614,Other African
ETH,1984,et1984a_ethnic,67,"Agnuwa, Agnuwak, Ymbo",614,Other African
ETH,1984,et1984a_ethnic,68,Maban,614,Other African
ETH,1984,et1984a_ethnic,69,"Nuwer, Obigar",614,Other African
ETH,1984,et1984a_ethnic,70,"Gnangetom, Turkana, Buno",614,Other African
ETH,1984,et1984a_ethnic,71,Berta,614,Other African
ETH,1984,et1984a_ethnic,72,Gamili,614,Other African
ETH,1984,et1984a_ethnic,73,Gobat,614,Other African
ETH,1984,et1984a_ethnic,74,Miyu,614,Other African
ETH,1984,et1984a_ethnic,75,Nidashi,614,Other African
ETH,1984,et1984a_ethnic,76,Fakunkum,614,Other African
ETH,1984,et1984a_ethnic,77,Undu,614,Other African
ETH,1984,et1984a_ethnic,78,Gebato,614,Other African
ETH,1984,et1984a_ethnic,79,Benishangul,614,Other African
ETH,1984,et1984a_ethnic,80,"Jeblawi, Areko",614,Other African
ETH,1984,et1984a_ethnic,81,"Kunama, Bada, Kazan, Baza, Omayshe Berka, Bitama, Elit, Marda, Betit, Begodas, Tika",614,Other African
ETH,1984,et1984a_ethnic,82,Woyito,614,Other African
ETH,1984,et1984a_ethnic,83,"Felasha, Kayla, Bete Israel",614,Other African
ETH,1984,et1984a_ethnic,84,"Koma, Komo, Hayahaya, Meden",614,Other African
ETH,1984,et1984a_ethnic,85,"Ganzza, Ganzo, Sis, Shai, Uluha",614,Other African
ETH,1984,et1984a_ethnic,87,"Shita, Chita, Langa",614,Other African
ETH,1984,et1984a_ethnic,88,"Nara, Bariya, Marda, Higer, Mogari Santora, Koyiat, Koyisha",614,Other African
ETH,1984,et1984a_ethnic,95,Ethiopians whose ethnic groups not identified,,
ETH,1984,et1984a_ethnic,96,Non-Ethiopian foreigners,,
ETH,1984,et1984a_ethnic,97,Born from parents with different ethnic groups,,
ETH,1984,et1984a_ethnic,98,Other ethnic group,,
ETH,1984,et1984a_ethnic,998,Unknown,,
ETH,1984,et1984a_ethnic,999,NIU (not in universe),,
ETH,1994,et1994a_ethnic,1,Affar,601,Affar
ETH,1994,et1994a_ethnic,2,Agew-Awingi,602,Agew
ETH,1994,et1994a_ethnic,3,Agew-Kamyr,602,Agew
ETH,1994,et1994a_ethnic,4,Amara,603,Amara
ETH,1994,et1994a_ethnic,5,Anyiwak,614,Other African
ETH,1994,et1994a_ethnic,6,Arbore,614,Other African
ETH,1994,et1994a_ethnic,7,Argoba,614,Other African
ETH,1994,et1994a_ethnic,8,Arri,614,Other African
ETH,1994,et1994a_ethnic,9,Basketo,614,Other African
ETH,1994,et1994a_ethnic,10,Bench,614,Other African
ETH,1994,et1994a_ethnic,11,She,614,Other African
ETH,1994,et1994a_ethnic,12,Mer,614,Other African
ETH,1994,et1994a_ethnic,13,Burji,614,Other African
ETH,1994,et1994a_ethnic,14,Chara,614,Other African
ETH,1994,et1994a_ethnic,15,Dasenech,614,Other African
ETH,1994,et1994a_ethnic,16,Dime,614,Other African
ETH,1994,et1994a_ethnic,17,Dizi,614,Other African
ETH,1994,et1994a_ethnic,18,Felasha,614,Other African
ETH,1994,et1994a_ethnic,19,Ganjule,614,Other African
ETH,1994,et1994a_ethnic,20,Gedeo,605,Gedeo
ETH,1994,et1994a_ethnic,21,Gewada,614,Other African
ETH,1994,et1994a_ethnic,22,Gidole,614,Other African
ETH,1994,et1994a_ethnic,23,Guagu,614,Other African
ETH,1994,et1994a_ethnic,24,Gumuz,614,Other African
ETH,1994,et1994a_ethnic,25,Silte,606,Gurage
ETH,1994,et1994a_ethnic,26,Sodo Guragie,606,Gurage
ETH,1994,et1994a_ethnic,27,Sebatbet-Guragie,606,Gurage
ETH,1994,et1994a_ethnic,28,Hadiya,607,Hadiya
ETH,1994,et1994a_ethnic,29,Mareko,614,Other African
ETH,1994,et1994a_ethnic,30,Hamer,614,Other African
ETH,1994,et1994a_ethnic,31,Harari,614,Other African
ETH,1994,et1994a_ethnic,32,Jebelawi,614,Other African
ETH,1994,et1994a_ethnic,33,Fadashi,614,Other African
ETH,1994,et1994a_ethnic,34,Gamili,614,Other African
ETH,1994,et1994a_ethnic,35,Gebato,614,Other African
ETH,1994,et1994a_ethnic,36,Kechama,614,Other African
ETH,1994,et1994a_ethnic,37,Kefa,608,Kafa
ETH,1994,et1994a_ethnic,38,Mocha,614,Other African
ETH,1994,et1994a_ethnic,39,Kemant,614,Other African
ETH,1994,et1994a_ethnic,40,Kembata,614,Other African
ETH,1994,et1994a_ethnic,41,Alaba,614,Other African
ETH,1994,et1994a_ethnic,42,Kebena,614,Other African
ETH,1994,et1994a_ethnic,43,Timbaro,614,Other African
ETH,1994,et1994a_ethnic,44,Kewama,614,Other African
ETH,1994,et1994a_ethnic,45,Koma,614,Other African
ETH,1994,et1994a_ethnic,46,Konso,614,Other African
ETH,1994,et1994a_ethnic,47,Koyra,614,Other African
ETH,1994,et1994a_ethnic,48,Kunama,614,Other African
ETH,1994,et1994a_ethnic,49,Mabaan,614,Other African
ETH,1994,et1994a_ethnic,50,Mao,614,Other African
ETH,1994,et1994a_ethnic,51,Me'En,614,Other African
ETH,1994,et1994a_ethnic,52,Bodi,614,Other African
ETH,1994,et1994a_ethnic,53,Male,614,Other African
ETH,1994,et1994a_ethnic,54,Mesengo,614,Other African
ETH,1994,et1994a_ethnic,55,Mossiya,614,Other African
ETH,1994,et1994a_ethnic,56,Mursi,614,Other African
ETH,1994,et1994a_ethnic,57,Nao,614,Other African
ETH,1994,et1994a_ethnic,58,Nuwer,614,Other African
ETH,1994,et1994a_ethnic,59,Nyangatom,614,Other African
ETH,1994,et1994a_ethnic,60,Oromo,609,Oromo
ETH,1994,et1994a_ethnic,61,Werji,614,Other African
ETH,1994,et1994a_ethnic,62,Oyda,614,Other African
ETH,1994,et1994a_ethnic,63,Saho,614,Other African
ETH,1994,et1994a_ethnic,64,Sheko,614,Other African
ETH,1994,et1994a_ethnic,65,Shinasha,614,Other African
ETH,1994,et1994a_ethnic,66,Shita,614,Other African
ETH,1994,et1994a_ethnic,67,Sidama,610,Sidama
ETH,1994,et1994a_ethnic,68,Somali,611,Somali
ETH,1994,et1994a_ethnic,69,Suri,614,Other African
ETH,1994,et1994a_ethnic,70,Tigre,612,Tigrie
ETH,1994,et1994a_ethnic,71,Tsamay,614,Other African
ETH,1994,et1994a_ethnic,72,Welaita,613,Welaita
ETH,1994,et1994a_ethnic,73,Dorzie,614,Other African
ETH,1994,et1994a_ethnic,74,Gamo,604,Gamo
ETH,1994,et1994a_ethnic,75,Goffa,614,Other African
ETH,1994,et1994a_ethnic,76,Konta,614,Other African
ETH,1994,et1994a_ethnic,77,Kulo,614,Other African
ETH,1994,et1994a_ethnic,78,Mello,614,Other African
ETH,1994,et1994a_ethnic,79,Weyito,614,Other African
ETH,1994,et1994a_ethnic,80,Yemsa,614,Other African
ETH,1994,et1994a_ethnic,81,Zeysie,614,Other African
ETH,1994,et1994a_ethnic,82,Zergula,614,Other African
ETH,1994,et1994a_ethnic,90,Other ethnicity nationality,,
ETH,1994,et1994a_ethnic,91,From different ethnic groups,,
ETH,1994,et1994a_ethnic,93,Eritreans,614,Other African
ETH,1994,et1994a_ethnic,94,Djebutians,614,Other African
ETH,1994,et1994a_ethnic,95,Somalis,614,Other African
ETH,1994,et1994a_ethnic,96,Kenyans,614,Other African
ETH,1994,et1994a_ethnic,97,Sudanese,614,Other African
ETH,1994,et1994a_ethnic,98,Other foreigners,,
ETH,1994,et1994a_ethnic,998,Unknown,,
ETH,1994,et1994a_ethnic,999,NIU (not in universe),,
ETH,2007,et2007a_ethnic,1,Affar,601,Affar
ETH,2007,et2007a_ethnic,2,Agew-Awi,602,Agew
ETH,2007,et2007a_ethnic,3,Agew Hamyra,602,Agew
ETH,2007,et2007a_ethnic,4,Alaba,614,Other African
ETH,2007,et2007a_ethnic,5,Amhara,603,Amara
ETH,2007,et2007a_ethnic,6,Anyiwak,614,Other African
ETH,2007,et2007a_ethnic,7,Argoba,614,Other African
ETH,2007,et2007a_ethnic,8,Ari,614,Other African
ETH,2007,et2007a_ethnic,9,Arborie,614,Other African
ETH,2007,et2007a_ethnic,10,Bacha,614,Other African
ETH,2007,et2007a_ethnic,11,Basketo,614,Other African
ETH,2007,et2007a_ethnic,12,Bench,614,Other African
ETH,2007,et2007a_ethnic,13,Berta,614,Other African
ETH,2007,et2007a_ethnic,14,Bodi,614,Other African
ETH,2007,et2007a_ethnic,15,Brayle,614,Other African
ETH,2007,et2007a_ethnic,16,Burji,614,Other African
ETH,2007,et2007a_ethnic,17,Bena,614,Other African
ETH,2007,et2007a_ethnic,18,Chara,614,Other African
ETH,2007,et2007a_ethnic,19,Dasenech,614,Other African
ETH,2007,et2007a_ethnic,20,Dawuro,614,Other African
ETH,2007,et2007a_ethnic,21,Debase or Gewada,614,Other African
ETH,2007,et2007a_ethnic,22,Derashe,614,Other African
ETH,2007,et2007a_ethnic,23,Dime,614,Other African
ETH,2007,et2007a_ethnic,24,Dizi,614,Other African
ETH,2007,et2007a_ethnic,25,Donga,614,Other African
ETH,2007,et2007a_ethnic,28,Fedashe,614,Other African
ETH,2007,et2007a_ethnic,29,Gamo,604,Gamo
ETH,2007,et2007a_ethnic,30,Gebato,614,Other African
ETH,2007,et2007a_ethnic,31,Gedeo,605,Gedeo
ETH,2007,et2007a_ethnic,32,Gedicho,614,Other African
ETH,2007,et2007a_ethnic,33,Gidole,614,Other African
ETH,2007,et2007a_ethnic,34,Goffa,614,Other African
ETH,2007,et2007a_ethnic,35,Gumuz,614,Other African
ETH,2007,et2007a_ethnic,36,Guragie,606,Gurage
ETH,2007,et2007a_ethnic,37,Guagu,614,Other African
ETH,2007,et2007a_ethnic,38,Hadiya,607,Hadiya
ETH,2007,et2007a_ethnic,39,Hareri,614,Other African
ETH,2007,et2007a_ethnic,40,Hamer,614,Other African
ETH,2007,et2007a_ethnic,41,Irob,614,Other African
ETH,2007,et2007a_ethnic,42,Kefficho,608,Kafa
ETH,2007,et2007a_ethnic,43,Kembata,614,Other African
ETH,2007,et2007a_ethnic,44,Konta,614,Other African
ETH,2007,et2007a_ethnic,45,Komo,614,Other African
ETH,2007,et2007a_ethnic,46,Konso,614,Other African
ETH,2007,et2007a_ethnic,47,Kore,614,Other African
ETH,2007,et2007a_ethnic,48,Koyego,614,Other African
ETH,2007,et2007a_ethnic,50,Kunama,614,Other African
ETH,2007,et2007a_ethnic,51,Karo,614,Other African
ETH,2007,et2007a_ethnic,52,Kusumie,614,Other African
ETH,2007,et2007a_ethnic,53,Malie,614,Other African
ETH,2007,et2007a_ethnic,54,Mao,614,Other African
ETH,2007,et2007a_ethnic,55,Mareko,614,Other African
ETH,2007,et2007a_ethnic,56,Mashola,614,Other African
ETH,2007,et2007a_ethnic,57,Mere,614,Other African
ETH,2007,et2007a_ethnic,58,Me'enite,614,Other African
ETH,2007,et2007a_ethnic,59,Messengo,614,Other African
ETH,2007,et2007a_ethnic,60,Mejenger,614,Other African
ETH,2007,et2007a_ethnic,61,Mossiye,614,Other African
ETH,2007,et2007a_ethnic,62,Mursi,614,Other African
ETH,2007,et2007a_ethnic,63,Murle,614,Other African
ETH,2007,et2007a_ethnic,64,Nao,614,Other African
ETH,2007,et2007a_ethnic,65,Nuwer,614,Other African
ETH,2007,et2007a_ethnic,66,Nyangatom,614,Other African
ETH,2007,et2007a_ethnic,67,Oromo,609,Oromo
ETH,2007,et2007a_ethnic,68,Oida,614,Other African
ETH,2007,et2007a_ethnic,69,Qebena,614,Other African
ETH,2007,et2007a_ethnic,70,Qechem,614,Other African
ETH,2007,et2007a_ethnic,72,Shekecho,614,Other African
ETH,2007,et2007a_ethnic,73,Sheko,614,Other African
ETH,2007,et2007a_ethnic,74,Shinasha,614,Other African
ETH,2007,et2007a_ethnic,75,Sidama,610,Sidama
ETH,2007,et2007a_ethnic,76,Silte,606,Gurage
ETH,2007,et2007a_ethnic,77,Somalie,611,Somali
ETH,2007,et2007a_ethnic,78,Surma,614,Other African
ETH,2007,et2007a_ethnic,80,Tigrie,612,Tigrie
ETH,2007,et2007a_ethnic,81,Timebaro,614,Other African
ETH,2007,et2007a_ethnic,82,Tsemay,614,Other African
ETH,2007,et2007a_ethnic,83,Upo,614,Other African
ETH,2007,et2007a_ethnic,84,Welaita,613,Welaita
ETH,2007,et2007a_ethnic,85,Werji,614,Other African
ETH,2007,et2007a_ethnic,86,Yem,614,Other African
ETH,2007,et2007a_ethnic,87,Zeyese,614,Other African
ETH,2007,et2007a_ethnic,88,Zelmam,614,Other African
ETH,2007,et2007a_ethnic,91,Other Ethiopian national,614,Other African
ETH,2007,et2007a_ethnic,92,From different parents,614,Other African
ETH,2007,et2007a_ethnic,93,Eritrean,614,Other African
ETH,2007,et2007a_ethnic,94,Djiboutian,614,Other African
ETH,2007,et2007a_ethnic,95,Somalian,614,Other African
ETH,2007,et2007a_ethnic,96,Kenyan,614,Other African
ETH,2007,et2007a_ethnic,97,Sudanese,614,Other African
ETH,2007,et2007a_ethnic,98,Other foreigners,,
GHA,2000,ethnicgh,100,"Akan, detailed ethnic group unknown",701,Akan
GHA,2000,ethnicgh,102,Agona,701,Akan
GHA,2000,ethnicgh,103,Ahafo,701,Akan
GHA,2000,ethnicgh,104,Ahanta,701,Akan
GHA,2000,ethnicgh,105,Akuapem,701,Akan
GHA,2000,ethnicgh,106,Akwamu,701,Akan
GHA,2000,ethnicgh,107,Akyem,701,Akan
GHA,2000,ethnicgh,108,Aowin,701,Akan
GHA,2000,ethnicgh,109,Asante,701,Akan
GHA,2000,ethnicgh,110,Asen (Assin),701,Akan
GHA,2000,ethnicgh,112,Boron (Brong) (including Banda),701,Akan
GHA,2000,ethnicgh,113,Denkyira,701,Akan
GHA,2000,ethnicgh,114,Evalue,701,Akan
GHA,2000,ethnicgh,115,Fante,701,Akan
GHA,2000,ethnicgh,116,Kwahu,701,Akan
GHA,2000,ethnicgh,117,Nzema,701,Akan
GHA,2000,ethnicgh,118,Sefwi,701,Akan
GHA,2000,ethnicgh,119,Wasa,701,Akan
GHA,2000,ethnicgh,120,Bawle,701,Akan
GHA,2000,ethnicgh,200,"Ga-adangbe (Ga-Dangme), detailed ethnic group unknown",702,Ga-adangbe
GHA,2000,ethnicgh,201,"Dangme (Ada, Shai, Manya, Yilo, Krobo, Osudoku, Ningo)",702,Ga-adangbe
GHA,2000,ethnicgh,202,Ga,702,Ga-adangbe
GHA,2000,ethnicgh,300,Ewe,703,Ewe
GHA,2000,ethnicgh,400,"Guan, detailed ethnic group unknown",704,Guan
GHA,2000,ethnicgh,401,"Akpafu, Lolobi, Likpe, Bowiri, Buem, Santrokofi",704,Guan
GHA,2000,ethnicgh,402,"Avatime,Nyongbo, Tafi, Logba",704,Guan
GHA,2000,ethnicgh,403,"Awutu, Efutu",704,Guan
GHA,2000,ethnicgh,404,"Cherepong, Larteh, Adukrom, Anum",704,Guan
GHA,2000,ethnicgh,405,Gonja,704,Guan
GHA,2000,ethnicgh,406,Nkonya,704,Guan
GHA,2000,ethnicgh,407,"Yefi, Nchumuru, Kratchi, Nawuni, Achode",704,Guan
GHA,2000,ethnicgh,408,"Nkomi, Wiase, Dwan",704,Guan
GHA,2000,ethnicgh,500,"Gurma, detailed ethnic group unknown",705,Gurma
GHA,2000,ethnicgh,501,Bimoba,705,Gurma
GHA,2000,ethnicgh,502,Kokomba,705,Gurma
GHA,2000,ethnicgh,503,Basare (Kyamba),705,Gurma
GHA,2000,ethnicgh,504,Kyamba (Tchamba),705,Gurma
GHA,2000,ethnicgh,505,Pilapila,705,Gurma
GHA,2000,ethnicgh,506,Salfalba (Sabulaba),705,Gurma
GHA,2000,ethnicgh,507,Kotokoli,705,Gurma
GHA,2000,ethnicgh,600,"Mole-dagbani, detailed ethnic group unknown",706,Mole-dagbani
GHA,2000,ethnicgh,601,Builsa (Kangyaga or Kanjaga),706,Mole-dagbani
GHA,2000,ethnicgh,602,"Dagarte (Dagaba), Lobi",706,Mole-dagbani
GHA,2000,ethnicgh,603,Dagomba,706,Mole-dagbani
GHA,2000,ethnicgh,604,Kusasi,706,Mole-dagbani
GHA,2000,ethnicgh,605,Mamprusi,706,Mole-dagbani
GHA,2000,ethnicgh,606,Namnam (Nabdom),706,Mole-dagbani
GHA,2000,ethnicgh,607,Nankansi and Gurense,706,Mole-dagbani
GHA,2000,ethnicgh,608,Nanumba,706,Mole-dagbani
GHA,2000,ethnicgh,609,Walba (Wala),706,Mole-dagbani
GHA,2000,ethnicgh,700,"Grusi, detailed ethnic group unknown",707,Grusi
GHA,2000,ethnicgh,701,Kasena (Paga),707,Grusi
GHA,2000,ethnicgh,702,Mo,707,Grusi
GHA,2000,ethnicgh,703,Sisala,707,Grusi
GHA,2000,ethnicgh,704,Vagala,707,Grusi
GHA,2000,ethnicgh,705,"Other Grusi (e.g. Lela, Nanumba, Templensi)",707,Grusi
GHA,2000,ethnicgh,800,"Mande, detailed ethnic group unknown",708,Mande
GHA,2000,ethnicgh,801,Busanga,708,Mande
GHA,2000,ethnicgh,802,"Wangara (Bambara, Madingo and Dyula)",708,Mande
GHA,2000,ethnicgh,900,Other tribes originating from Ghana,709,Other African
GHA,2000,ethnicgh,910,Other tribes originating from outside Ghana,709,Other African
GHA,2000,ethnicgh,911,Mosi,709,Other African
GHA,2000,ethnicgh,912,Fulani,709,Other African
GHA,2000,ethnicgh,913,Zabrama,709,Other African
GHA,2000,ethnicgh,920,All other tribes,709,Other African
GHA,2000,ethnicgh,999,NIU (not in universe),,
GHA,2010,ethnicgh,100,"Akan, detailed ethnic group unknown",701,Akan
GHA,2010,ethnicgh,102,Agona,701,Akan
GHA,2010,ethnicgh,103,Ahafo,701,Akan
GHA,2010,ethnicgh,104,Ahanta,701,Akan
GHA,2010,ethnicgh,105,Akuapem,701,Akan
GHA,2010,ethnicgh,106,Akwamu,701,Akan
GHA,2010,ethnicgh,107,Akyem,701,Akan
GHA,2010,ethnicgh,108,Aowin,701,Akan
GHA,2010,ethnicgh,109,Asante,701,Akan
GHA,2010,ethnicgh,110,Asen (Assin),701,Akan
GHA,2010,ethnicgh,112,Boron (Brong) (including Banda),701,Akan
GHA,2010,ethnicgh,113,Denkyira,701,Akan
GHA,2010,ethnicgh,114,Evalue,701,Akan
GHA,2010,ethnicgh,115,Fante,701,Akan
GHA,2010,ethnicgh,116,Kwahu,701,Akan
GHA,2010,ethnicgh,117,Nzema,701,Akan
GHA,2010,ethnicgh,118,Sefwi,701,Akan
GHA,2010,ethnicgh,119,Wasa,701,Akan
GHA,2010,ethnicgh,120,Bawle,701,Akan
GHA,2010,ethnicgh,200,"Ga-adangbe (Ga-Dangme), detailed ethnic group unknown",702,Ga-adangbe
GHA,2010,ethnicgh,201,"Dangme (Ada, Shai, Manya, Yilo, Krobo, Osudoku, Ningo)",702,Ga-adangbe
GHA,2010,ethnicgh,202,Ga,702,Ga-adangbe
GHA,2010,ethnicgh,300,Ewe,703,Ewe
GHA,2010,ethnicgh,400,"Guan, detailed ethnic group unknown",704,Guan
GHA,2010,ethnicgh,401,"Akpafu, Lolobi, Likpe, Bowiri, Buem, Santrokofi",704,Guan
GHA,2010,ethnicgh,402,"Avatime,Nyongbo, Tafi, Logba",704,Guan
GHA,2010,ethnicgh,403,"Awutu, Efutu",704,Guan
GHA,2010,ethnicgh,404,"Cherepong, Larteh, Adukrom, Anum",704,Guan
GHA,2010,ethnicgh,405,Gonja,704,Guan
GHA,2010,ethnicgh,406,Nkonya,704,Guan
GHA,2010,ethnicgh,407,"Yefi, Nchumuru, Kratchi, Nawuni, Achode",704,Guan
GHA,2010,ethnicgh,408,"Nkomi, Wiase, Dwan",704,Guan
GHA,2010,ethnicgh,500,"Gurma, detailed ethnic group unknown",705,Gurma
GHA,2010,ethnicgh,501,Bimoba,705,Gurma
GHA,2010,ethnicgh,502,Kokomba,705,Gurma
GHA,2010,ethnicgh,503,Basare (Kyamba),705,Gurma
GHA,2010,ethnicgh,504,Kyamba (Tchamba),705,Gurma
GHA,2010,ethnicgh,505,Pilapila,705,Gurma
GHA,2010,ethnicgh,506,Salfalba (Sabulaba),705,Gurma
GHA,2010,ethnicgh,507,Kotokoli,705,Gurma
GHA,2010,ethnicgh,600,"Mole-dagbani, detailed ethnic group unknown",706,Mole-dagbani
GHA,2010,ethnicgh,601,Builsa (Kangyaga or Kanjaga),706,Mole-dagbani
GHA,2010,ethnicgh,602,"Dagarte (Dagaba), Lobi",706,Mole-dagbani
GHA,2010,ethnicgh,603,Dagomba,706,Mole-dagbani
GHA,2010,ethnicgh,604,Kusasi,706,Mole-dagbani
GHA,2010,ethnicgh,605,Mamprusi,706,Mole-dagbani
GHA,2010,ethnicgh,606,Namnam (Nabdom),706,Mole-dagbani
GHA,2010,ethnicgh,607,Nankansi and Gurense,706,Mole-dagbani
GHA,2010,ethnicgh,608,Nanumba,706,Mole-dagbani
GHA,2010,ethnicgh,609,Walba (Wala),706,Mole-dagbani
GHA,2010,ethnicgh,700,"Grusi, detailed ethnic group unknown",707,Grusi
GHA,2010,ethnicgh,701,Kasena (Paga),707,Grusi
GHA,2010,ethnicgh,702,Mo,707,Grusi
GHA,2010,ethnicgh,703,Sisala,707,Grusi
GHA,2010,ethnicgh,704,Vagala,707,Grusi
GHA,2010,ethnicgh,705,"Other Grusi (e.g. Lela, Nanumba, Templensi)",707,Grusi
GHA,2010,ethnicgh,800,"Mande, detailed ethnic group unknown",708,Mande
GHA,2010,ethnicgh,801,Busanga,708,Mande
GHA,2010,ethnicgh,802,"Wangara (Bambara, Madingo and Dyula)",708,Mande
GHA,2010,ethnicgh,900,Other tribes originating from Ghana,709,Other African
GHA,2010,ethnicgh,910,Other tribes originating from outside Ghana,709,Other African
GHA,2010,ethnicgh,911,Mosi,709,Other African
GHA,2010,ethnicgh,912,Fulani,709,Other African
GHA,2010,ethnicgh,913,Zabrama,709,Other African
GHA,2010,ethnicgh,920,All other tribes,709,Other African
GHA,2010,ethnicgh,999,NIU (not in universe),,
GIN,2014,langgn2,100,"Yes, speaks national language",810,Other African
GIN,2014,langgn2,101,Soussou,801,Soussou
GIN,2014,langgn2,102,Poular,802,Poular
GIN,2014,langgn2,103,Maninka,803,Maninka
GIN,2014,langgn2,104,Diakanka,804,Diakanka
GIN,2014,langgn2,105,Baga,810,Other African
GIN,2014,langgn2,106,Nalou,810,Other African
GIN,2014,langgn2,107,Mikifore,810,Other African
GIN,2014,langgn2,108,Landouma,810,Other African
GIN,2014,langgn2,109,Badiaranke,810,Other African
GIN,2014,langgn2,110,Bassari,810,Other African
GIN,2014,langgn2,111,Koniagui,810,Other African
GIN,2014,langgn2,112,Djalonke,810,Other African
GIN,2014,langgn2,113,Sarakole or Maraka,810,Other African
GIN,2014,langgn2,114,Kouranko,805,Kouranko
GIN,2014,langgn2,115,Kissi,806,Kissi
GIN,2014,langgn2,116,Lele,810,Other African
GIN,2014,langgn2,117,Toma,807,Toma
GIN,2014,langgn2,118,Koniaka,808,Koniaka
GIN,2014,langgn2,119,Tomamania,810,Other African
GIN,2014,langgn2,120,Kpele,809,Kpele
GIN,2014,langgn2,121,Mano,810,Other African
GIN,2014,langgn2,122,Kono,810,Other African
GIN,2014,langgn2,123,Other national language,810,Other African
GIN,2014,langgn2,200,"No, does not speak national language",,
GIN,2014,langgn2,998,Unknown,,
GIN,2014,langgn2,999,NIU (not in universe),,
LBR,1974,ethniclr,1,Bassa,1101,Bassa
LBR,1974,ethniclr,2,Belle,1114,Other African
LBR,1974,ethniclr,3,Dey,1114,Other African
LBR,1974,ethniclr,4,Gbandi,1102,Gbandi
LBR,1974,ethniclr,5,Gio,1103,Dan
LBR,1974,ethniclr,6,Gola,1104,Gola
LBR,1974,ethniclr,7,Grebo,1105,Grebo
LBR,1974,ethniclr,8,Kpelle,1106,Kpelle
LBR,1974,ethniclr,9,Kissi,1107,Kissi
LBR,1974,ethniclr,10,Krahn,1108,Krahn
LBR,1974,ethniclr,11,Kru,1109,Kru
LBR,1974,ethniclr,12,Lorma,1110,Loma
LBR,1974,ethniclr,13,Mandingo,1111,Mandingo
LBR,1974,ethniclr,14,Mano,1112,Mano
LBR,1974,ethniclr,15,Mende,1114,Other African
LBR,1974,ethniclr,16,Sapo,1108,Krahn
LBR,1974,ethniclr,17,Vai,1113,Vai
LBR,1974,ethniclr,18,Fante,1114,Other African
LBR,1974,ethniclr,19,Other Liberian tribe or ethnic group,1114,Other African
LBR,1974,ethniclr,20,Other African tribe,1114,Other African
LBR,1974,ethniclr,21,Non-African tribe,,
LBR,1974,ethniclr,22,No tribal affiliation,,
LBR,2008,ethniclr,1,Bassa,1101,Bassa
LBR,2008,ethniclr,2,Belle,1114,Other African
LBR,2008,ethniclr,3,Dey,1114,Other African
LBR,2008,ethniclr,4,Gbandi,1102,Gbandi
LBR,2008,ethniclr,5,Gio,1103,Dan
LBR,2008,ethniclr,6,Gola,1104,Gola
LBR,2008,ethniclr,7,Grebo,1105,Grebo
LBR,2008,ethniclr,8,Kpelle,1106,Kpelle
LBR,2008,ethniclr,9,Kissi,1107,Kissi
LBR,2008,ethniclr,10,Krahn,1108,Krahn
LBR,2008,ethniclr,11,Kru,1109,Kru
LBR,2008,ethniclr,12,Lorma,1110,Loma
LBR,2008,ethniclr,13,Mandingo,1111,Mandingo
LBR,2008,ethniclr,14,Mano,1112,Mano
LBR,2008,ethniclr,15,Mende,1114,Other African
LBR,2008,ethniclr,16,Sapo,1108,Krahn
LBR,2008,ethniclr,17,Vai,1113,Vai
LBR,2008,ethniclr,18,Fante,1114,Other African
LBR,2008,ethniclr,19,Other Liberian tribe or ethnic group,1114,Other African
LBR,2008,ethniclr,20,Other African tribe,1114,Other African
LBR,2008,ethniclr,21,Non-African tribe,,
LBR,2008,ethniclr,22,No tribal affiliation,,
MWI,2008,ethnicmw,1,Chewa,1201,Chewa
MWI,2008,ethnicmw,2,Nyanja,1202,Nyanja
MWI,2008,ethnicmw,3,Yao,1203,Yao
MWI,2008,ethnicmw,4,Tumbuka,1204,Tumbuka
MWI,2008,ethnicmw,5,Lomwe,1205,Lomwe
MWI,2008,ethnicmw,6,Ngonde,,
MWI,2008,ethnicmw,7,Ngoni,1206,Ngoni
MWI,2008,ethnicmw,8,Sena,1207,Sena
MWI,2008,ethnicmw,9,Tonga,1208,Tonga
MWI,2008,ethnicmw,10,Nyakyusa,1209,Other African
MWI,2008,ethnicmw,11,Lambya,1209,Other African
MWI,2008,ethnicmw,12,Senga,1209,Other African
MWI,2008,ethnicmw,13,"Other, including non-Malawi",1209,Other African
MWI,2008,ethnicmw,99,NIU (not in universe),,
MLI,1987,langml,0,NIU (not in universe),,
MLI,1987,langml,1,"Bambara, Malinke",1301,"Bambara, Malinke"
MLI,1987,langml,2,"Peul, Foulfoube",1302,"Peul, Foulfoube"
MLI,1987,langml,3,"Sonrhaï, Djerma",1303,"Sonrhaï, Djerma"
MLI,1987,langml,4,"Maraka, Soninke",1304,"Maraka, Soninke"
MLI,1987,langml,5,Kassonke,,
MLI,1987,langml,6,Senoufo,1305,Senoufo
MLI,1987,langml,7,Dogon,1306,Dogon
MLI,1987,langml,8,Mauritanian,1311,Other African
MLI,1987,langml,9,Tamacheq,1307,Tamacheq
MLI,1987,langml,10,Bobo Dafing,1308,Bobo Dafing
MLI,1987,langml,11,Minianka,1309,Minianka
MLI,1987,langml,12,Haoussa,1311,Other African
MLI,1987,langml,13,Samogo,1311,Other African
MLI,1987,langml,14,Bozo,1310,Bozo
MLI,1987,langml,15,Other Malian language,1311,Other African
MLI,1987,langml,16,Arabic,1311,Other African
MLI,1987,langml,17,Other African language,1311,Other African
MLI,1987,langml,18,Other foreign language,,
MLI,1987,langml,19,French,,
MLI,1987,langml,20,English,,
MLI,1987,langml,99,Unknown,,
MLI,1998,langml,0,NIU (not in universe),,
MLI,1998,langml,1,"Bambara, Malinke",1301,"Bambara, Malinke"
MLI,1998,langml,2,"Peul, Foulfoube",1302,"Peul, Foulfoube"
MLI,1998,langml,3,"Sonrhaï, Djerma",1303,"Sonrhaï, Djerma"
MLI,1998,langml,4,"Maraka, Soninke",1304,"Maraka, Soninke"
MLI,1998,langml,5,Kassonke,,
MLI,1998,langml,6,Senoufo,1305,Senoufo
MLI,1998,langml,7,Dogon,1306,Dogon
MLI,1998,langml,8,Mauritanian,1311,Other African
MLI,1998,langml,9,Tamacheq,1307,Tamacheq
MLI,1998,langml,10,Bobo Dafing,1308,Bobo Dafing
MLI,1998,langml,11,Minianka,1309,Minianka
MLI,1998,langml,12,Haoussa,1311,Other African
MLI,1998,langml,13,Samogo,1311,Other African
MLI,1998,langml,14,Bozo,1310,Bozo
MLI,1998,langml,15,Other Malian language,1311,Other African
MLI,1998,langml,16,Arabic,1311,Other African
MLI,1998,langml,17,Other African language,1311,Other African
MLI,1998,langml,18,Other foreign language,,
MLI,1998,langml,19,French,,
MLI,1998,langml,20,English,,
MLI,1998,langml,99,Unknown,,
MLI,2009,langml,0,NIU (not in universe),,
MLI,2009,langml,1,"Bambara, Malinke",1301,"Bambara, Malinke"
MLI,2009,langml,2,"Peul, Foulfoube",1302,"Peul, Foulfoube"
MLI,2009,langml,3,"Sonrhaï, Djerma",1303,"Sonrhaï, Djerma"
MLI,2009,langml,4,"Maraka, Soninke",1304,"Maraka, Soninke"
MLI,2009,langml,5,Kassonke,,
MLI,2009,langml,6,Senoufo,1305,Senoufo
MLI,2009,langml,7,Dogon,1306,Dogon
MLI,2009,langml,8,Mauritanian,1311,Other African
MLI,2009,langml,9,Tamacheq,1307,Tamacheq
MLI,2009,langml,10,Bobo Dafing,1308,Bobo Dafing
MLI,2009,langml,11,Minianka,1309,Minianka
MLI,2009,langml,12,Haoussa,1311,Other African
MLI,2009,langml,13,Samogo,1311,Other African
MLI,2009,langml,14,Bozo,1310,Bozo
MLI,2009,langml,15,Other Malian language,1311,Other African
MLI,2009,langml,16,Arabic,1311,Other African
MLI,2009,langml,17,Other African language,1311,Other African
MLI,2009,langml,18,Other foreign language,,
MLI,2009,langml,19,French,,
MLI,2009,langml,20,English,,
MLI,2009,langml,99,Unknown,,
MUS,1990,langmu,101,Creole,1401,Creole
MUS,1990,langmu,102,Creole and Bhojpuri,1402,Creole and Bhojpuri
MUS,1990,langmu,103,Creole and Hindi,1406,Other
MUS,1990,langmu,104,Creole and Marathi,1406,Other
MUS,1990,langmu,105,Creole and Tamil,1406,Other
MUS,1990,langmu,106,Creole and Telegu,1406,Other
MUS,1990,langmu,107,Creole and Urdu,1406,Other
MUS,1990,langmu,108,Creole and other Oriental,1406,Other
MUS,1990,langmu,109,Creole and Chinese,1406,Other
MUS,1990,langmu,110,Creole and French,1403,Creole and French
MUS,1990,langmu,111,Creole and other European,1406,Other
MUS,1990,langmu,112,Creole and other languages,1406,Other
MUS,1990,langmu,201,Bengali,1406,Other
MUS,1990,langmu,202,Bhojpuri,1404,Bhojpuri
MUS,1990,langmu,203,Bhojpuri and Hindi,1406,Other
MUS,1990,langmu,204,Bhojpuri and Urdu,1406,Other
MUS,1990,langmu,205,Bhojpuri and other languages,1406,Other
MUS,1990,langmu,206,Gujrati,1406,Other
MUS,1990,langmu,207,Hindi,,
MUS,1990,langmu,208,Hindi and other,1406,Other
MUS,1990,langmu,209,Marathi,1406,Other
MUS,1990,langmu,210,Sinhalese,1406,Other
MUS,1990,langmu,211,Tamil,1406,Other
MUS,1990,langmu,212,Telegu,1406,Other
MUS,1990,langmu,213,Urdu,1406,Other
MUS,1990,langmu,214,Other Indian,1406,Other
MUS,1990,langmu,301,Chinese,1406,Other
MUS,1990,langmu,302,Hakka,1406,Other
MUS,1990,langmu,303,Mandarin,1406,Other
MUS,1990,langmu,304,Other Chinese,1406,Other
MUS,1990,langmu,401,English,1406,Other
MUS,1990,langmu,402,French,1405,French
MUS,1990,langmu,403,Other European,1406,Other
MUS,1990,langmu,404,French and other European,1406,Other
MUS,1990,langmu,405,French and Oriental,1406,Other
MUS,1990,langmu,406,Other European and Oriental,1406,Other
MUS,1990,langmu,501,Malagasy,1406,Other
MUS,1990,langmu,998,Other,1406,Other
MUS,1990,langmu,999,Unknown,,
MUS,2000,langmu,101,Creole,1401,Creole
MUS,2000,langmu,102,Creole and Bhojpuri,1402,Creole and Bhojpuri
MUS,2000,langmu,103,Creole and Hindi,1406,Other
MUS,2000,langmu,104,Creole and Marathi,1406,Other
MUS,2000,langmu,105,Creole and Tamil,1406,Other
MUS,2000,langmu,106,Creole and Telegu,1406,Other
MUS,2000,langmu,107,Creole and Urdu,1406,Other
MUS,2000,langmu,108,Creole and other Oriental,1406,Other
MUS,2000,langmu,109,Creole and Chinese,1406,Other
MUS,2000,langmu,110,Creole and French,1403,Creole and French
MUS,2000,langmu,111,Creole and other European,1406,Other
MUS,2000,langmu,112,Creole and other languages,1406,Other
MUS,2000,langmu,201,Bengali,1406,Other
MUS,2000,langmu,202,Bhojpuri,1404,Bhojpuri
MUS,2000,langmu,203,Bhojpuri and Hindi,1406,Other
MUS,2000,langmu,204,Bhojpuri and Urdu,1406,Other
MUS,2000,langmu,205,Bhojpuri and other languages,1406,Other
MUS,2000,langmu,206,Gujrati,1406,Other
MUS,2000,langmu,207,Hindi,,
MUS,2000,langmu,208,Hindi and other,1406,Other
MUS,2000,langmu,209,Marathi,1406,Other
MUS,2000,langmu,210,Sinhalese,1406,Other
MUS,2000,langmu,211,Tamil,1406,Other
MUS,2000,langmu,212,Telegu,1406,Other
MUS,2000,langmu,213,Urdu,1406,Other
MUS,2000,langmu,214,Other Indian,1406,Other
MUS,2000,langmu,301,Chinese,1406,Other
MUS,2000,langmu,302,Hakka,1406,Other
MUS,2000,langmu,303,Mandarin,1406,Other
MUS,2000,langmu,304,Other Chinese,1406,Other
MUS,2000,langmu,401,English,1406,Other
MUS,2000,langmu,402,French,1405,French
MUS,2000,langmu,403,Other European,1406,Other
MUS,2000,langmu,404,French and other European,1406,Other
MUS,2000,langmu,405,French and Oriental,1406,Other
MUS,2000,langmu,406,Other European and Oriental,1406,Other
MUS,2000,langmu,501,Malagasy,1406,Other
MUS,2000,langmu,998,Other,1406,Other
MUS,2000,langmu,999,Unknown,,
MUS,2011,langmu,101,Creole,1401,Creole
MUS,2011,langmu,102,Creole and Bhojpuri,1402,Creole and Bhojpuri
MUS,2011,langmu,103,Creole and Hindi,1406,Other
MUS,2011,langmu,104,Creole and Marathi,1406,Other
MUS,2011,langmu,105,Creole and Tamil,1406,Other
MUS,2011,langmu,106,Creole and Telegu,1406,Other
MUS,2011,langmu,107,Creole and Urdu,1406,Other
MUS,2011,langmu,108,Creole and other Oriental,1406,Other
MUS,2011,langmu,109,Creole and Chinese,1406,Other
MUS,2011,langmu,110,Creole and French,1403,Creole and French
MUS,2011,langmu,111,Creole and other European,1406,Other
MUS,2011,langmu,112,Creole and other languages,1406,Other
MUS,2011,langmu,201,Bengali,1406,Other
MUS,2011,langmu,202,Bhojpuri,1404,Bhojpuri
MUS,2011,langmu,203,Bhojpuri and Hindi,1406,Other
MUS,2011,langmu,204,Bhojpuri and Urdu,1406,Other
MUS,2011,langmu,205,Bhojpuri and other languages,1406,Other
MUS,2011,langmu,206,Gujrati,1406,Other
MUS,2011,langmu,207,Hindi,,
MUS,2011,langmu,208,Hindi and other,1406,Other
MUS,2011,langmu,209,Marathi,1406,Other
MUS,2011,langmu,210,Sinhalese,1406,Other
MUS,2011,langmu,211,Tamil,1406,Other
MUS,2011,langmu,212,Telegu,1406,Other
MUS,2011,langmu,213,Urdu,1406,Other
MUS,2011,langmu,214,Other Indian,1406,Other
MUS,2011,langmu,301,Chinese,1406,Other
MUS,2011,langmu,302,Hakka,1406,Other
MUS,2011,langmu,303,Mandarin,1406,Other
MUS,2011,langmu,304,Other Chinese,1406,Other
MUS,2011,langmu,401,English,1406,Other
MUS,2011,langmu,402,French,1405,French
MUS,2011,langmu,403,Other European,1406,Other
MUS,2011,langmu,404,French and other European,1406,Other
MUS,2011,langmu,405,French and Oriental,1406,Other
MUS,2011,langmu,406,Other European and Oriental,1406,Other
MUS,2011,langmu,501,Malagasy,1406,Other
MUS,2011,langmu,998,Other,1406,Other
MUS,2011,langmu,999,Unknown,,
MAR,1994,langma,1,Arabic,1501,Arabic
MAR,1994,langma,2,Tachalhit,1502,Tachalhit
MAR,1994,langma,3,Tamazight,1503,Tamazight
MAR,1994,langma,4,Tarifite,1504,Tarifite
MAR,1994,langma,5,Hassania,,
MAR,1994,langma,8,No local language spoken,,
MAR,1994,langma,9,Unknown,,
MAR,2004,langma,1,Arabic,1501,Arabic
MAR,2004,langma,2,Tachalhit,1502,Tachalhit
MAR,2004,langma,3,Tamazight,1503,Tamazight
MAR,2004,langma,4,Tarifite,1504,Tarifite
MAR,2004,langma,5,Hassania,,
MAR,2004,langma,8,No local language spoken,,
MAR,2004,langma,9,Unknown,,
MAR,2014,langma,1,Arabic,1501,Arabic
MAR,2014,langma,2,Tachalhit,1502,Tachalhit
MAR,2014,langma,3,Tamazight,1503,Tamazight
MAR,2014,langma,4,Tarifite,1504,Tarifite
MAR,2014,langma,5,Hassania,,
MAR,2014,langma,8,No local language spoken,,
MAR,2014,langma,9,Unknown,,
MOZ,2007,mz2007a_lang1,1,Cibalke,1617,Other African
MOZ,2007,mz2007a_lang1,2,Cichopi,1601,Cichopi
MOZ,2007,mz2007a_lang1,3,Cikhambani,1617,Other African
MOZ,2007,mz2007a_lang1,4,Cilambwe,1617,Other African
MOZ,2007,mz2007a_lang1,5,Cilenje,1617,Other African
MOZ,2007,mz2007a_lang1,6,Cindonje,1617,Other African
MOZ,2007,mz2007a_lang1,7,Citonga,1617,Other African
MOZ,2007,mz2007a_lang1,8,Cishona,,
MOZ,2007,mz2007a_lang1,9,Cindau,1602,Cindau
MOZ,2007,mz2007a_lang1,12,Ciqwaka,1617,Other African
MOZ,2007,mz2007a_lang1,13,Cinyanja,1603,Cinyanja
MOZ,2007,mz2007a_lang1,14,Cicewa,1617,Other African
MOZ,2007,mz2007a_lang1,15,Cingoni,1617,Other African
MOZ,2007,mz2007a_lang1,16,Cinsenga,1617,Other African
MOZ,2007,mz2007a_lang1,17,Sena,1604,Sena
MOZ,2007,mz2007a_lang1,19,Gombe,1617,Other African
MOZ,2007,mz2007a_lang1,20,Sena Care,1617,Other African
MOZ,2007,mz2007a_lang1,21,Phondzo,1617,Other African
MOZ,2007,mz2007a_lang1,22,Tonga,1617,Other African
MOZ,2007,mz2007a_lang1,23,Ciyao,1605,Ciyao
MOZ,2007,mz2007a_lang1,24,Cinyungwe,1606,Cinyungwe
MOZ,2007,mz2007a_lang1,25,Echuwabo,1607,Echuwabo
MOZ,2007,mz2007a_lang1,26,Ekarungu,1617,Other African
MOZ,2007,mz2007a_lang1,27,Merenje,1617,Other African
MOZ,2007,mz2007a_lang1,28,Coti,1617,Other African
MOZ,2007,mz2007a_lang1,29,Emakhuwa,1608,Emakhuwa
MOZ,2007,mz2007a_lang1,30,Elomwe,1609,Elomwe
MOZ,2007,mz2007a_lang1,40,Bitonga or Gitonga,1610,Bitonga or Gitonga
MOZ,2007,mz2007a_lang1,46,Kimwani,1617,Other African
MOZ,2007,mz2007a_lang1,47,Shimakonde,1611,Shimakonde
MOZ,2007,mz2007a_lang1,48,Xirhonga,1612,Xirhonga
MOZ,2007,mz2007a_lang1,49,Xikalanga,1617,Other African
MOZ,2007,mz2007a_lang1,50,Xilwandle,1617,Other African
MOZ,2007,mz2007a_lang1,53,Xitsonga or Xichangana,1613,Xitsonga or Xichangana
MOZ,2007,mz2007a_lang1,59,Xitswa,1614,Xitswa
MOZ,2007,mz2007a_lang1,66,Chitewe,1615,Chitewe
MOZ,2007,mz2007a_lang1,70,Other Mozambican language,1617,Other African
MOZ,2007,mz2007a_lang1,75,Isiswazi,1617,Other African
MOZ,2007,mz2007a_lang1,76,Isizulo,1617,Other African
MOZ,2007,mz2007a_lang1,77,Kiswahili,1617,Other African
MOZ,2007,mz2007a_lang1,78,Sutho,1617,Other African
MOZ,2007,mz2007a_lang1,79,Other African language,1617,Other African
MOZ,2007,mz2007a_lang1,80,Arabic,,
MOZ,2007,mz2007a_lang1,81,German,,
MOZ,2007,mz2007a_lang1,83,Chinese,,
MOZ,2007,mz2007a_lang1,84,French,,
MOZ,2007,mz2007a_lang1,85,Spanish,,
MOZ,2007,mz2007a_lang1,86,Indian language,,
MOZ,2007,mz2007a_lang1,87,English,,
MOZ,2007,mz2007a_lang1,88,Italian,,
MOZ,2007,mz2007a_lang1,89,Portuguese,1616,Portuguese
MOZ,2007,mz2007a_lang1,90,Russian,,
MOZ,2007,mz2007a_lang1,91,Other foreign langauge,,
MOZ,2007,mz2007a_lang1,92,Mute,,
MOZ,2007,mz2007a_lang1,95,None,,
MOZ,2007,mz2007a_lang1,96,Other American language,,
MOZ,2007,mz2007a_lang1,97,Other Asian language,,
MOZ,2007,mz2007a_lang1,98,Other European language,,
MOZ,2007,mz2007a_lang1,998,Unknown,,
MOZ,2007,mz2007a_lang1,999,NIU (not in universe),,
NGA,2008,langng,0,NIU (not in universe),,
NGA,2008,langng,1,English,1701,English
NGA,2008,langng,2,Hausa,1702,Hausa
NGA,2008,langng,3,Ibo,1703,Ibo
NGA,2008,langng,4,Yoruba,1704,Yoruba
NGA,2008,langng,5,Other,1705,Other
NGA,2008,langng,9,Unknown,,
NGA,2009,langng,0,NIU (not in universe),,
NGA,2009,langng,1,English,1701,English
NGA,2009,langng,2,Hausa,1702,Hausa
NGA,2009,langng,3,Ibo,1703,Ibo
NGA,2009,langng,4,Yoruba,1704,Yoruba
NGA,2009,langng,5,Other,1705,Other
NGA,2009,langng,9,Unknown,,
RWA,1991,rw1991a_langfor,0,NIU (not in universe),,
RWA,1991,rw1991a_langfor,1,French,1801,French
RWA,1991,rw1991a_langfor,2,English,,
RWA,1991,rw1991a_langfor,3,French and English,,
RWA,1991,rw1991a_langfor,4,Swahili,1802,Swahili
RWA,1991,rw1991a_langfor,5,French and Swahili,,
RWA,1991,rw1991a_langfor,6,English and Swahili,,
RWA,1991,rw1991a_langfor,7,"English, Swahili and French",,
RWA,1991,rw1991a_langfor,8,Other language,,
RWA,1991,rw1991a_langfor,9,French and other,1801,French
RWA,1991,rw1991a_langfor,10,English and other,,
RWA,1991,rw1991a_langfor,11,"French, English and other",,
RWA,1991,rw1991a_langfor,12,Swahili and other,1802,Swahili
RWA,1991,rw1991a_langfor,13,"French, Swahili and English",,
RWA,1991,rw1991a_langfor,14,"Swahili, English and other",,
RWA,1991,rw1991a_langfor,15,"French, Swahili and other",,
RWA,1991,rw1991a_langfor,16,None,,
RWA,1991,rw1991a_langfor,99,Unknown,,
RWA,2002,rw2002a_lang,0,Mute,,
RWA,2002,rw2002a_lang,1,Kinyarwanda,1803,Kinyarwanda
RWA,2002,rw2002a_lang,2,French,1801,French
RWA,2002,rw2002a_lang,3,Kinyarwanda and French,1804,Kinyarwanda and French
RWA,2002,rw2002a_lang,4,Swahili,1802,Swahili
RWA,2002,rw2002a_lang,5,Kinyarwanda and Swahili,1805,Kinyarwanda and Swahili
RWA,2002,rw2002a_lang,6,French and Swahili,,
RWA,2002,rw2002a_lang,7,"Kinyarwanda, French, and Swahili",,
RWA,2002,rw2002a_lang,8,English,,
RWA,2002,rw2002a_lang,9,Kinyarwanda and English,,
RWA,2002,rw2002a_lang,10,French and English,,
RWA,2002,rw2002a_lang,11,"Kinyarwanda, French, and English",1806,"Kinyarwanda, French and English"
RWA,2002,rw2002a_lang,12,Swahili and English,,
RWA,2002,rw2002a_lang,13,"Kinyarwanda, Swahili, and English",,
RWA,2002,rw2002a_lang,14,"French, Swahili, and English",,
RWA,2002,rw2002a_lang,15,"Kinyarwanda, French, Swahili, and English",,
RWA,2002,rw2002a_lang,16,Other languages,,
RWA,2002,rw2002a_lang,17,Kinyarwanda and others,,
RWA,2002,rw2002a_lang,19,"Kinyarwanda, French, and others",,
RWA,2002,rw2002a_lang,20,Swahili + others,1802,Swahili
RWA,2002,rw2002a_lang,21,"Kinyarwanda, Swahili, and others",,
RWA,2002,rw2002a_lang,22,"Kinyarwanda, Swahili, and others",,
RWA,2002,rw2002a_lang,23,"Kinyarwanda, French, Swahili, and others",,
RWA,2002,rw2002a_lang,24,English and others,,
RWA,2002,rw2002a_lang,25,"Kinyarwanda, English, and others",,
RWA,2002,rw2002a_lang,26,"French, English, and others",,
RWA,2002,rw2002a_lang,27,"Kinyarwanda, French, English, and others",,
RWA,2002,rw2002a_lang,28,"Swahili, English, and others",,
RWA,2002,rw2002a_lang,29,"Kinyarwanda, Swahili, English, and others",,
RWA,2002,rw2002a_lang,30,"French, Swahili, English, others",,
RWA,2002,rw2002a_lang,31,"Kinyarwanda, French, Swahili, English, and others",,
RWA,2002,rw2002a_lang,98,Unknown,,
RWA,2002,rw2002a_lang,99,NIU (not in universe),,
RWA,2012,rw2012a_lit,0,None,,
RWA,2012,rw2012a_lit,1,Kinyarwanda,1803,Kinyarwanda
RWA,2012,rw2012a_lit,2,French,1801,French
RWA,2012,rw2012a_lit,3,Kinyarwanda and French,1804,Kinyarwanda and French
RWA,2012,rw2012a_lit,4,English,,
RWA,2012,rw2012a_lit,5,Kinyarwanda and English,,
RWA,2012,rw2012a_lit,6,French and English,,
RWA,2012,rw2012a_lit,7,"Kinyarwanda, French and English",1806,"Kinyarwanda, French and English"
RWA,2012,rw2012a_lit,8,Other,,
RWA,2012,rw2012a_lit,9,Kinyarwanda and other,1803,Kinyarwanda
RWA,2012,rw2012a_lit,10,French and other,1801,French
RWA,2012,rw2012a_lit,11,"Kinyarwanda, French and other",,
RWA,2012,rw2012a_lit,12,English and other,,
RWA,2012,rw2012a_lit,13,"Kinyarwanda, English and other",,
RWA,2012,rw2012a_lit,14,"French, English and other",,
RWA,2012,rw2012a_lit,15,"Kinyarwanda, French, English and other",,
RWA,2012,rw2012a_lit,98,Unknown,,
RWA,2012,rw2012a_lit,99,NIU (not in universe),,
SEN,1988,ethnicsn,101,Bainouk,1901,Diola
SEN,1988,ethnicsn,102,Badiaranke,1910,Other African
SEN,1988,ethnicsn,103,Balante,1901,Diola
SEN,1988,ethnicsn,104,Bambara,1903,Mandinka
SEN,1988,ethnicsn,105,Bassari,1910,Other African
SEN,1988,ethnicsn,106,Bedick,1910,Other African
SEN,1988,ethnicsn,107,Coniagui,1910,Other African
SEN,1988,ethnicsn,108,Creole,1910,Other African
SEN,1988,ethnicsn,109,Diakhanke,1903,Mandinka
SEN,1988,ethnicsn,110,Dialonke,1903,Mandinka
SEN,1988,ethnicsn,111,Diola,1901,Diola
SEN,1988,ethnicsn,112,Fulani,1905,Fula
SEN,1988,ethnicsn,113,Khassonke,1910,Other African
SEN,1988,ethnicsn,114,Laobe,1910,Other African
SEN,1988,ethnicsn,115,Lebou,1902,Lebou
SEN,1988,ethnicsn,116,Malinke,1903,Mandinka
SEN,1988,ethnicsn,117,Mancagne,1901,Diola
SEN,1988,ethnicsn,118,Mandinka,1903,Mandinka
SEN,1988,ethnicsn,119,Manjago,,
SEN,1988,ethnicsn,120,Mauritanian,1904,Mauritanian
SEN,1988,ethnicsn,121,Pulaar,1905,Fula
SEN,1988,ethnicsn,122,Peul,1905,Fula
SEN,1988,ethnicsn,123,Sarakole,1907,Soninke
SEN,1988,ethnicsn,124,Serer,1906,Serer
SEN,1988,ethnicsn,125,Soce,1906,Serer
SEN,1988,ethnicsn,126,Soninke,1907,Soninke
SEN,1988,ethnicsn,127,Soussou,1903,Mandinka
SEN,1988,ethnicsn,128,Tandanke,1910,Other African
SEN,1988,ethnicsn,129,Toucouleur,1908,Toucouleur
SEN,1988,ethnicsn,130,Wolof,1909,Wolof
SEN,1988,ethnicsn,139,Other (including naturalized foreigners),,
SEN,1988,ethnicsn,200,Non-Senegalese (foreign),1910,Other African
SEN,1988,ethnicsn,998,Unknown,,
SEN,1988,ethnicsn,999,NIU (not in universe),,
SEN,2002,ethnicsn,101,Bainouk,1901,Diola
SEN,2002,ethnicsn,102,Badiaranke,1910,Other African
SEN,2002,ethnicsn,103,Balante,1901,Diola
SEN,2002,ethnicsn,104,Bambara,1903,Mandinka
SEN,2002,ethnicsn,105,Bassari,1910,Other African
SEN,2002,ethnicsn,106,Bedick,1910,Other African
SEN,2002,ethnicsn,107,Coniagui,1910,Other African
SEN,2002,ethnicsn,108,Creole,1910,Other African
SEN,2002,ethnicsn,109,Diakhanke,1903,Mandinka
SEN,2002,ethnicsn,110,Dialonke,1903,Mandinka
SEN,2002,ethnicsn,111,Diola,1901,Diola
SEN,2002,ethnicsn,112,Fulani,1905,Fula
SEN,2002,ethnicsn,113,Khassonke,1910,Other African
SEN,2002,ethnicsn,114,Laobe,1910,Other African
SEN,2002,ethnicsn,115,Lebou,1902,Lebou
SEN,2002,ethnicsn,116,Malinke,1903,Mandinka
SEN,2002,ethnicsn,117,Mancagne,1901,Diola
SEN,2002,ethnicsn,118,Mandinka,1903,Mandinka
SEN,2002,ethnicsn,119,Manjago,,
SEN,2002,ethnicsn,120,Mauritanian,1904,Mauritanian
SEN,2002,ethnicsn,121,Pulaar,1905,Fula
SEN,2002,ethnicsn,122,Peul,1905,Fula
SEN,2002,ethnicsn,123,Sarakole,1907,Soninke
SEN,2002,ethnicsn,124,Serer,1906,Serer
SEN,2002,ethnicsn,125,Soce,1906,Serer
SEN,2002,ethnicsn,126,Soninke,1907,Soninke
SEN,2002,ethnicsn,127,Soussou,1903,Mandinka
SEN,2002,ethnicsn,128,Tandanke,1910,Other African
SEN,2002,ethnicsn,129,Toucouleur,1908,Toucouleur
SEN,2002,ethnicsn,130,Wolof,1909,Wolof
SEN,2002,ethnicsn,139,Other (including naturalized foreigners),,
SEN,2002,ethnicsn,200,Non-Senegalese (foreign),1910,Other African
SEN,2002,ethnicsn,998,Unknown,,
SEN,2002,ethnicsn,999,NIU (not in universe),,
SEN,2013,ethnicsn,101,Bainouk,1901,Diola
SEN,2013,ethnicsn,102,Badiaranke,1910,Other African
SEN,2013,ethnicsn,103,Balante,1901,Diola
SEN,2013,ethnicsn,104,Bambara,1903,Mandinka
SEN,2013,ethnicsn,105,Bassari,1910,Other African
SEN,2013,ethnicsn,106,Bedick,1910,Other African
SEN,2013,ethnicsn,107,Coniagui,1910,Other African
SEN,2013,ethnicsn,108,Creole,1910,Other African
SEN,2013,ethnicsn,109,Diakhanke,1903,Mandinka
SEN,2013,ethnicsn,110,Dialonke,1903,Mandinka
SEN,2013,ethnicsn,111,Diola,1901,Diola
SEN,2013,ethnicsn,112,Fulani,1905,Fula
SEN,2013,ethnicsn,113,Khassonke,1910,Other African
SEN,2013,ethnicsn,114,Laobe,1910,Other African
SEN,2013,ethnicsn,115,Lebou,1902,Lebou
SEN,2013,ethnicsn,116,Malinke,1903,Mandinka
SEN,2013,ethnicsn,117,Mancagne,1901,Diola
SEN,2013,ethnicsn,118,Mandinka,1903,Mandinka
SEN,2013,ethnicsn,119,Manjago,,
SEN,2013,ethnicsn,120,Mauritanian,1904,Mauritanian
SEN,2013,ethnicsn,121,Pulaar,1905,Fula
SEN,2013,ethnicsn,122,Peul,1905,Fula
SEN,2013,ethnicsn,123,Sarakole,1907,Soninke
SEN,2013,ethnicsn,124,Serer,1906,Serer
SEN,2013,ethnicsn,125,Soce,1906,Serer
SEN,2013,ethnicsn,126,Soninke,1907,Soninke
SEN,2013,ethnicsn,127,Soussou,1903,Mandinka
SEN,2013,ethnicsn,128,Tandanke,1910,Other African
SEN,2013,ethnicsn,129,Toucouleur,1908,Toucouleur
SEN,2013,ethnicsn,130,Wolof,1909,Wolof
SEN,2013,ethnicsn,139,Other (including naturalized foreigners),,
SEN,2013,ethnicsn,200,Non-Senegalese (foreign),1910,Other African
SEN,2013,ethnicsn,998,Unknown,,
SEN,2013,ethnicsn,999,NIU (not in universe),,
SLE,2004,ethnicsl,1,Krio,2004,Krio
SLE,2004,ethnicsl,2,Mende,2002,Mende-Vai
SLE,2004,ethnicsl,3,Temne,2001,Temne
SLE,2004,ethnicsl,4,Madingo,2012,Mandingo
SLE,2004,ethnicsl,5,Loko,2011,Loko
SLE,2004,ethnicsl,6,Sherbro,2007,Sherbro
SLE,2004,ethnicsl,7,Limba,2003,Limba
SLE,2004,ethnicsl,8,Kissi,2010,Kissi
SLE,2004,ethnicsl,9,Kono,2006,Kono
SLE,2004,ethnicsl,10,Susu,2009,Susu - Yalunka
SLE,2004,ethnicsl,11,Fullah,2008,Fulani
SLE,2004,ethnicsl,12,Krim,2007,Sherbro
SLE,2004,ethnicsl,13,Yalunka,2009,Susu - Yalunka
SLE,2004,ethnicsl,14,Koranko,2005,Koranko
SLE,2004,ethnicsl,15,Vai,2002,Mende-Vai
SLE,2004,ethnicsl,16,English,,
SLE,2004,ethnicsl,17,French,,
SLE,2004,ethnicsl,18,Arabic,,
SLE,2004,ethnicsl,19,Other,,
SLE,2004,ethnicsl,20,NIU,,
ZAF,1996,za1996a_lang1,0,Other,,
ZAF,1996,za1996a_lang1,1,IsiNdebele,2103,Isindebele
ZAF,1996,za1996a_lang1,2,IsiXhosa,2104,Isixhosa
ZAF,1996,za1996a_lang1,3,IsiZulu,2105,Isizulu
ZAF,1996,za1996a_lang1,4,Sepedi,2106,Sepedi
ZAF,1996,za1996a_lang1,5,Sesotho,2107,Sesotho
ZAF,1996,za1996a_lang1,6,Setswana,2108,Setswana
ZAF,1996,za1996a_lang1,7,Siswati,2109,Siswati
ZAF,1996,za1996a_lang1,8,Tshivenda,2110,Tshivenda
ZAF,1996,za1996a_lang1,9,Xitsonga,2111,Xitsonga
ZAF,1996,za1996a_lang1,10,Afrikaans,2101,Afrikaans
ZAF,1996,za1996a_lang1,11,English,2102,English
ZAF,1996,za1996a_lang1,12,Dutch,,
ZAF,1996,za1996a_lang1,13,German,,
ZAF,1996,za1996a_lang1,14,Greek,,
ZAF,1996,za1996a_lang1,15,Italian,,
ZAF,1996,za1996a_lang1,16,Portuguese,,
ZAF,1996,za1996a_lang1,17,French,,
ZAF,1996,za1996a_lang1,18,Tamil,,
ZAF,1996,za1996a_lang1,19,Hindi,,
ZAF,1996,za1996a_lang1,20,Telugu,,
ZAF,1996,za1996a_lang1,21,Gujarati,,
ZAF,1996,za1996a_lang1,22,Urdu,,
ZAF,1996,za1996a_lang1,23,Chinese,,
ZAF,1996,za1996a_lang1,24,Swahili,,
ZAF,1996,za1996a_lang1,25,Shona,,
ZAF,1996,za1996a_lang1,26,Arabic,,
ZAF,1996,za1996a_lang1,99,Unknown,,
ZAF,2001,za2001a_lang,1,Afrikaans,2101,Afrikaans
ZAF,2001,za2001a_lang,2,English,2102,English
ZAF,2001,za2001a_lang,3,IsiNdebele,2103,Isindebele
ZAF,2001,za2001a_lang,4,IsiXhosa,2104,Isixhosa
ZAF,2001,za2001a_lang,5,IsiZulu,2105,Isizulu
ZAF,2001,za2001a_lang,6,Sepedi,2106,Sepedi
ZAF,2001,za2001a_lang,7,Sesotho,2107,Sesotho
ZAF,2001,za2001a_lang,8,Setswana,2108,Setswana
ZAF,2001,za2001a_lang,9,Siswati,2109,Siswati
ZAF,2001,za2001a_lang,10,Tshivenda,2110,Tshivenda
ZAF,2001,za2001a_lang,11,Xitsonga,2111,Xitsonga
ZAF,2001,za2001a_lang,12,Other,,
ZAF,2011,za2011a_lang1,1,Afrikaans,2101,Afrikaans
ZAF,2011,za2011a_lang1,2,English,2102,English
ZAF,2011,za2011a_lang1,3,Isi Ndebele,2103,Isindebele
ZAF,2011,za2011a_lang1,4,Isi Xhosa,2104,Isixhosa
ZAF,2011,za2011a_lang1,5,IsiZulu,2105,Isizulu
ZAF,2011,za2011a_lang1,6,Sepedi,2106,Sepedi
ZAF,2011,za2011a_lang1,7,Sesotho,2107,Sesotho
ZAF,2011,za2011a_lang1,8,Setswana,2108,Setswana
ZAF,2011,za2011a_lang1,9,Sign language,,
ZAF,2011,za2011a_lang1,10,Siswati,2109,Siswati
ZAF,2011,za2011a_lang1,11,Tshivenda,2110,Tshivenda
ZAF,2011,za2011a_lang1,12,Xitsonga,2111,Xitsonga
ZAF,2011,za2011a_lang1,13,Other,,
ZAF,2011,za2011a_lang1,99,NIU (not in universe),,
ZAF,2016,za2016a_langhom,1,Afrikaans,2101,Afrikaans
ZAF,2016,za2016a_langhom,2,English,2102,English
ZAF,2016,za2016a_langhom,3,Isindebele,2103,Isindebele
ZAF,2016,za2016a_langhom,4,Isixhosa,2104,Isixhosa
ZAF,2016,za2016a_langhom,5,Isizulu,2105,Isizulu
ZAF,2016,za2016a_langhom,6,Sepedi,2106,Sepedi
ZAF,2016,za2016a_langhom,7,Sesotho,2107,Sesotho
ZAF,2016,za2016a_langhom,8,Setswana,2108,Setswana
ZAF,2016,za2016a_langhom,9,Sign language,,
ZAF,2016,za2016a_langhom,10,Siswati,2109,Siswati
ZAF,2016,za2016a_langhom,11,Tshivenda,2110,Tshivenda
ZAF,2016,za2016a_langhom,12,Xitsonga,2111,Xitsonga
ZAF,2016,za2016a_langhom,13,"Khoi, Nama and San languages",,
ZAF,2016,za2016a_langhom,14,Other,,
ZAF,2016,za2016a_langhom,98,Unknown,,
ZAF,2016,za2016a_langhom,99,NIU (not in universe),,
TGO,1960,ethnictg,11,Yoruba,2519,Other
TGO,1960,ethnictg,12,Nago (Anago),2519,Other
TGO,1960,ethnictg,13,Ana-Ife (Ana),2514,Ana
TGO,1960,ethnictg,21,Haoussa (Hausa),2520,Other Nigerian Chadian Upper Volta
TGO,1960,ethnictg,22,Mossi,2520,Other Nigerian Chadian Upper Volta
TGO,1960,ethnictg,23,"Yanga, Yamba",2520,Other Nigerian Chadian Upper Volta
TGO,1960,ethnictg,24,Gourma (Gourmanche),2512,Gurma
TGO,1960,ethnictg,25,Konkomba (Komba),2513,Konkomba
TGO,1960,ethnictg,26,Bassar (Bassari),2511,Basari
TGO,1960,ethnictg,27,"Ngangam (Ngamgam, gangan)",,
TGO,1960,ethnictg,28,"Bariba, Tamborma, Somba",2520,Other Nigerian Chadian Upper Volta
TGO,1960,ethnictg,29,Akebou (Kebou),2516,Akebu
TGO,1960,ethnictg,30,Losso,2509,Nawdm
TGO,1960,ethnictg,31,Lamba,2520,Other Nigerian Chadian Upper Volta
TGO,1960,ethnictg,32,Lamba or Nawdum,2508,Lama
TGO,1960,ethnictg,33,"Kabye (Kabre, Cabrais)",2507,Kabre
TGO,1960,ethnictg,34,Moba (Dapango),2510,Moba
TGO,1960,ethnictg,35,"Kotokoli, Temba, Tem",2506,Tem
TGO,1960,ethnictg,36,Tchamba,2520,Other Nigerian Chadian Upper Volta
TGO,1960,ethnictg,37,Other Nigerien-Chadian-Upper Volta,2520,Other Nigerian Chadian Upper Volta
TGO,1960,ethnictg,41,"Anyanga, Angagan",2519,Other
TGO,1960,ethnictg,42,Ahlon (Ahlon-Bogo),2519,Other
TGO,1960,ethnictg,43,Akposso,2515,Akposso
TGO,1960,ethnictg,44,Adele,2519,Other
TGO,1960,ethnictg,45,Basaila,2519,Other
TGO,1960,ethnictg,51,"Eve, Ewe",2501,Ewe
TGO,1960,ethnictg,52,Anlo (Aboulan),2521,Other Agni Tchi
TGO,1960,ethnictg,53,Oulatchi,2502,Ouatchi
TGO,1960,ethnictg,54,"Adja, Ehoue",2505,Aja
TGO,1960,ethnictg,55,Fon,2521,Other Agni Tchi
TGO,1960,ethnictg,56,"Mina, Guen, Anecho",2503,Mina
TGO,1960,ethnictg,57,"Pedah, Ouedanou",2521,Other Agni Tchi
TGO,1960,ethnictg,58,Kpessi,2521,Other Agni Tchi
TGO,1960,ethnictg,59,"Tyokossi ( Tchokossi, Anufo)",2517,Anufo
TGO,1960,ethnictg,60,Othe Agni-Tchi,2521,Other Agni Tchi
TGO,1960,ethnictg,71,"Foulbe, Fulani, Peul",2518,Fulani
TGO,1960,ethnictg,72,Taoulamba,2519,Other
TGO,1960,ethnictg,80,"Other Togolese ethnic group, not elsewhere classified",2519,Other
TGO,1960,ethnictg,90,Foreigner,,
TGO,1960,ethnictg,99,Unknown,,
TGO,1970,ethnictg,11,Yoruba,2519,Other
TGO,1970,ethnictg,12,Nago (Anago),2519,Other
TGO,1970,ethnictg,13,Ana-Ife (Ana),2514,Ana
TGO,1970,ethnictg,21,Haoussa (Hausa),2520,Other Nigerian Chadian Upper Volta
TGO,1970,ethnictg,22,Mossi,2520,Other Nigerian Chadian Upper Volta
TGO,1970,ethnictg,23,"Yanga, Yamba",2520,Other Nigerian Chadian Upper Volta
TGO,1970,ethnictg,24,Gourma (Gourmanche),2512,Gurma
TGO,1970,ethnictg,25,Konkomba (Komba),2513,Konkomba
TGO,1970,ethnictg,26,Bassar (Bassari),2511,Basari
TGO,1970,ethnictg,27,"Ngangam (Ngamgam, gangan)",,
TGO,1970,ethnictg,28,"Bariba, Tamborma, Somba",2520,Other Nigerian Chadian Upper Volta
TGO,1970,ethnictg,29,Akebou (Kebou),2516,Akebu
TGO,1970,ethnictg,30,Losso,2509,Nawdm
TGO,1970,ethnictg,31,Lamba,2520,Other Nigerian Chadian Upper Volta
TGO,1970,ethnictg,32,Lamba or Nawdum,2508,Lama
TGO,1970,ethnictg,33,"Kabye (Kabre, Cabrais)",2507,Kabre
TGO,1970,ethnictg,34,Moba (Dapango),2510,Moba
TGO,1970,ethnictg,35,"Kotokoli, Temba, Tem",2506,Tem
TGO,1970,ethnictg,36,Tchamba,2520,Other Nigerian Chadian Upper Volta
TGO,1970,ethnictg,37,Other Nigerien-Chadian-Upper Volta,2520,Other Nigerian Chadian Upper Volta
TGO,1970,ethnictg,41,"Anyanga, Angagan",2519,Other
TGO,1970,ethnictg,42,Ahlon (Ahlon-Bogo),2519,Other
TGO,1970,ethnictg,43,Akposso,2515,Akposso
TGO,1970,ethnictg,44,Adele,2519,Other
TGO,1970,ethnictg,45,Basaila,2519,Other
TGO,1970,ethnictg,51,"Eve, Ewe",2501,Ewe
TGO,1970,ethnictg,52,Anlo (Aboulan),2521,Other Agni Tchi
TGO,1970,ethnictg,53,Oulatchi,2502,Ouatchi
TGO,1970,ethnictg,54,"Adja, Ehoue",2505,Aja
TGO,1970,ethnictg,55,Fon,2521,Other Agni Tchi
TGO,1970,ethnictg,56,"Mina, Guen, Anecho",2503,Mina
TGO,1970,ethnictg,57,"Pedah, Ouedanou",2521,Other Agni Tchi
TGO,1970,ethnictg,58,Kpessi,2521,Other Agni Tchi
TGO,1970,ethnictg,59,"Tyokossi ( Tchokossi, Anufo)",2517,Anufo
TGO,1970,ethnictg,60,Othe Agni-Tchi,2521,Other Agni Tchi
TGO,1970,ethnictg,71,"Foulbe, Fulani, Peul",2518,Fulani
TGO,1970,ethnictg,72,Taoulamba,2519,Other
TGO,1970,ethnictg,80,"Other Togolese ethnic group, not elsewhere classified",2519,Other
TGO,1970,ethnictg,90,Foreigner,,
TGO,1970,ethnictg,99,Unknown,,
TGO,2010,ethnictg,11,Yoruba,2519,Other
TGO,2010,ethnictg,12,Nago (Anago),2519,Other
TGO,2010,ethnictg,13,Ana-Ife (Ana),2514,Ana
TGO,2010,ethnictg,21,Haoussa (Hausa),2520,Other Nigerian Chadian Upper Volta
TGO,2010,ethnictg,22,Mossi,2520,Other Nigerian Chadian Upper Volta
TGO,2010,ethnictg,23,"Yanga, Yamba",2520,Other Nigerian Chadian Upper Volta
TGO,2010,ethnictg,24,Gourma (Gourmanche),2512,Gurma
TGO,2010,ethnictg,25,Konkomba (Komba),2513,Konkomba
TGO,2010,ethnictg,26,Bassar (Bassari),2511,Basari
TGO,2010,ethnictg,27,"Ngangam (Ngamgam, gangan)",,
TGO,2010,ethnictg,28,"Bariba, Tamborma, Somba",2520,Other Nigerian Chadian Upper Volta
TGO,2010,ethnictg,29,Akebou (Kebou),2516,Akebu
TGO,2010,ethnictg,30,Losso,2509,Nawdm
TGO,2010,ethnictg,31,Lamba,2520,Other Nigerian Chadian Upper Volta
TGO,2010,ethnictg,32,Lamba or Nawdum,2508,Lama
TGO,2010,ethnictg,33,"Kabye (Kabre, Cabrais)",2507,Kabre
TGO,2010,ethnictg,34,Moba (Dapango),2510,Moba
TGO,2010,ethnictg,35,"Kotokoli, Temba, Tem",2506,Tem
TGO,2010,ethnictg,36,Tchamba,2520,Other Nigerian Chadian Upper Volta
TGO,2010,ethnictg,37,Other Nigerien-Chadian-Upper Volta,2520,Other Nigerian Chadian Upper Volta
TGO,2010,ethnictg,41,"Anyanga, Angagan",2519,Other
TGO,2010,ethnictg,42,Ahlon (Ahlon-Bogo),2519,Other
TGO,2010,ethnictg,43,Akposso,2515,Akposso
TGO,2010,ethnictg,44,Adele,2519,Other
TGO,2010,ethnictg,45,Basaila,2519,Other
TGO,2010,ethnictg,51,"Eve, Ewe",2501,Ewe
TGO,2010,ethnictg,52,Anlo (Aboulan),2521,Other Agni Tchi
TGO,2010,ethnictg,53,Oulatchi,2502,Ouatchi
TGO,2010,ethnictg,54,"Adja, Ehoue",2505,Aja
TGO,2010,ethnictg,55,Fon,2521,Other Agni Tchi
TGO,2010,ethnictg,56,"Mina, Guen, Anecho",2503,Mina
TGO,2010,ethnictg,57,"Pedah, Ouedanou",2521,Other Agni Tchi
TGO,2010,ethnictg,58,Kpessi,2521,Other Agni Tchi
TGO,2010,ethnictg,59,"Tyokossi ( Tchokossi, Anufo)",2517,Anufo
TGO,2010,ethnictg,60,Othe Agni-Tchi,2521,Other Agni Tchi
TGO,2010,ethnictg,71,"Foulbe, Fulani, Peul",2518,Fulani
TGO,2010,ethnictg,72,Taoulamba,2519,Other
TGO,2010,ethnictg,80,"Other Togolese ethnic group, not elsewhere classified",2519,Other
TGO,2010,ethnictg,90,Foreigner,,
TGO,2010,ethnictg,99,Unknown,,
UGA,1991,ethnicug,10,Acholi,2601,Acholi
UGA,1991,ethnicug,20,Aliba,2621,Other African
UGA,1991,ethnicug,30,Alur,2602,Alur
UGA,1991,ethnicug,40,Aringa,2621,Other African
UGA,1991,ethnicug,50,Baamba,2621,Other African
UGA,1991,ethnicug,60,Babukusu,2621,Other African
UGA,1991,ethnicug,70,Babwisi,2621,Other African
UGA,1991,ethnicug,80,Bafumbira,2603,Bafumbira
UGA,1991,ethnicug,90,Baganda,2604,Baganda
UGA,1991,ethnicug,100,Bagisu,2605,Bagisu
UGA,1991,ethnicug,110,Bagungu,2621,Other African
UGA,1991,ethnicug,120,Bagwe,2621,Other African
UGA,1991,ethnicug,130,Bagwere,2606,Bagwere
UGA,1991,ethnicug,140,Bahehe,2621,Other African
UGA,1991,ethnicug,150,Bahororo,,
UGA,1991,ethnicug,160,Bakenyi,2621,Other African
UGA,1991,ethnicug,170,Bakhonzo,2607,Bakhonzo
UGA,1991,ethnicug,180,Bakiga,2608,Bakiga
UGA,1991,ethnicug,190,Banyabindi,2621,Other African
UGA,1991,ethnicug,200,Banyabutumbi,2621,Other African
UGA,1991,ethnicug,210,Banyakole,2609,Banyakole
UGA,1991,ethnicug,220,Banyara,2621,Other African
UGA,1991,ethnicug,230,Banyaruguru,2621,Other African
UGA,1991,ethnicug,240,Banyarwanda,2610,Banyarwanda
UGA,1991,ethnicug,250,Banyole,2611,Banyole
UGA,1991,ethnicug,260,Banyoro,2612,Banyoro
UGA,1991,ethnicug,270,Baruli,2621,Other African
UGA,1991,ethnicug,280,Barundi,2621,Other African
UGA,1991,ethnicug,290,Basamia,,
UGA,1991,ethnicug,300,Basoga,2613,Basoga
UGA,1991,ethnicug,310,Batagwenda,2621,Other African
UGA,1991,ethnicug,320,"Batoro, Batuku, Basongora",2614,Batoro
UGA,1991,ethnicug,321,Batoro,2614,Batoro
UGA,1991,ethnicug,322,Batuku,2614,Batoro
UGA,1991,ethnicug,323,Basongora,2614,Batoro
UGA,1991,ethnicug,330,Batwa,2621,Other African
UGA,1991,ethnicug,340,Baundi,2621,Other African
UGA,1991,ethnicug,350,Burundi,2621,Other African
UGA,1991,ethnicug,360,Chope,2621,Other African
UGA,1991,ethnicug,370,Ethur,2621,Other African
UGA,1991,ethnicug,380,Gimara,2621,Other African
UGA,1991,ethnicug,390,Ik (Teuso),2621,Other African
UGA,1991,ethnicug,400,Iteso,2615,Iteso
UGA,1991,ethnicug,410,Jie,2617,Karamojong
UGA,1991,ethnicug,420,Jonam,2621,Other African
UGA,1991,ethnicug,430,Jopadhola,2616,Jopadhola
UGA,1991,ethnicug,440,Kakwa,,
UGA,1991,ethnicug,450,"Karimojong, Dodoth, Tepeth, Suk",2617,Karamojong
UGA,1991,ethnicug,451,Karimojong,2617,Karamojong
UGA,1991,ethnicug,452,Dodoth,2621,Other African
UGA,1991,ethnicug,453,So (Tepeth),2621,Other African
UGA,1991,ethnicug,460,Kebu (Okebu),2621,Other African
UGA,1991,ethnicug,470,Kuku,2621,Other African
UGA,1991,ethnicug,480,Kumam,,
UGA,1991,ethnicug,490,Langi,2618,Langi
UGA,1991,ethnicug,500,Lendu,2621,Other African
UGA,1991,ethnicug,510,Lugbara,2619,Lugbara
UGA,1991,ethnicug,520,Madi,2620,Madi
UGA,1991,ethnicug,530,Mening,2621,Other African
UGA,1991,ethnicug,540,Mvuba,2621,Other African
UGA,1991,ethnicug,550,Napore,2621,Other African
UGA,1991,ethnicug,560,Ngikutio,2621,Other African
UGA,1991,ethnicug,570,Nubi,2621,Other African
UGA,1991,ethnicug,580,Nyangia,2621,Other African
UGA,1991,ethnicug,590,Pokot,2621,Other African
UGA,1991,ethnicug,600,Reli,2621,Other African
UGA,1991,ethnicug,610,Sabiny,2621,Other African
UGA,1991,ethnicug,620,Shana,2621,Other African
UGA,1991,ethnicug,640,Other Ugandan,2621,Other African
UGA,1991,ethnicug,1010,Algeria,2621,Other African
UGA,1991,ethnicug,1020,Burundi,2621,Other African
UGA,1991,ethnicug,1030,Chad,2621,Other African
UGA,1991,ethnicug,1040,Democratic Republic of the Congo,2621,Other African
UGA,1991,ethnicug,1050,Egypt,2621,Other African
UGA,1991,ethnicug,1060,Ethiopia,2621,Other African
UGA,1991,ethnicug,1070,Gambia,2621,Other African
UGA,1991,ethnicug,1080,Ghana,2621,Other African
UGA,1991,ethnicug,1090,Ivory Coast,2621,Other African
UGA,1991,ethnicug,1100,Kenya,2621,Other African
UGA,1991,ethnicug,1110,Libya,2621,Other African
UGA,1991,ethnicug,1120,Malawi,2621,Other African
UGA,1991,ethnicug,1130,Mauritania,2621,Other African
UGA,1991,ethnicug,1140,Mozambique,2621,Other African
UGA,1991,ethnicug,1150,Nigeria,2621,Other African
UGA,1991,ethnicug,1160,Rwanda,2621,Other African
UGA,1991,ethnicug,1170,Samia,2621,Other African
UGA,1991,ethnicug,1180,Senegal,2621,Other African
UGA,1991,ethnicug,1190,Somalia,2621,Other African
UGA,1991,ethnicug,1200,Sudan,2621,Other African
UGA,1991,ethnicug,1210,Tanzania,2621,Other African
UGA,1991,ethnicug,1220,Togo,2621,Other African
UGA,1991,ethnicug,1230,Zambia,2621,Other African
UGA,1991,ethnicug,1240,Zimbabwe,2621,Other African
UGA,1991,ethnicug,1250,Other PTA countries,2621,Other African
UGA,1991,ethnicug,1260,Other Africa,2621,Other African
UGA,1991,ethnicug,2010,Bangladesh,,
UGA,1991,ethnicug,2020,China,,
UGA,1991,ethnicug,2030,India,,
UGA,1991,ethnicug,2040,Japan,,
UGA,1991,ethnicug,2050,Middle East,,
UGA,1991,ethnicug,2060,North Korea,,
UGA,1991,ethnicug,2070,Pakistan,,
UGA,1991,ethnicug,2080,South Korea,,
UGA,1991,ethnicug,2090,Other Asia,,
UGA,1991,ethnicug,2099,"Asia, not specified",,
UGA,1991,ethnicug,3010,Australia and Oceania,,
UGA,1991,ethnicug,3020,Australia,,
UGA,1991,ethnicug,3030,Oceania,,
UGA,1991,ethnicug,4010,Belgium,,
UGA,1991,ethnicug,4020,Denmark,,
UGA,1991,ethnicug,4030,France,,
UGA,1991,ethnicug,4040,Germany,,
UGA,1991,ethnicug,4050,Greece,,
UGA,1991,ethnicug,4060,Hungary,,
UGA,1991,ethnicug,4070,Italy,,
UGA,1991,ethnicug,4080,Luxembourg,,
UGA,1991,ethnicug,4090,Netherlands,,
UGA,1991,ethnicug,4100,Norway,,
UGA,1991,ethnicug,4110,Soviet Union,,
UGA,1991,ethnicug,4120,Spain,,
UGA,1991,ethnicug,4130,Sweden,,
UGA,1991,ethnicug,4140,United Kingdom,,
UGA,1991,ethnicug,4150,Yugoslavia,,
UGA,1991,ethnicug,4160,Other EEC countries,,
UGA,1991,ethnicug,4170,Other Europe,,
UGA,1991,ethnicug,5010,Canada,,
UGA,1991,ethnicug,5020,Central and Latin America,,
UGA,1991,ethnicug,5030,Cuba,,
UGA,1991,ethnicug,5040,United States,,
UGA,1991,ethnicug,5050,Other America,,
UGA,1991,ethnicug,9980,"Non-Ugandan, not specified",2621,Other African
UGA,1991,ethnicug,9998,Response suppressed,,
UGA,1991,ethnicug,9999,Unknown,,
UGA,2002,ethnicug,10,Acholi,2601,Acholi
UGA,2002,ethnicug,20,Aliba,2621,Other African
UGA,2002,ethnicug,30,Alur,2602,Alur
UGA,2002,ethnicug,40,Aringa,2621,Other African
UGA,2002,ethnicug,50,Baamba,2621,Other African
UGA,2002,ethnicug,60,Babukusu,2621,Other African
UGA,2002,ethnicug,70,Babwisi,2621,Other African
UGA,2002,ethnicug,80,Bafumbira,2603,Bafumbira
UGA,2002,ethnicug,90,Baganda,2604,Baganda
UGA,2002,ethnicug,100,Bagisu,2605,Bagisu
UGA,2002,ethnicug,110,Bagungu,2621,Other African
UGA,2002,ethnicug,120,Bagwe,2621,Other African
UGA,2002,ethnicug,130,Bagwere,2606,Bagwere
UGA,2002,ethnicug,140,Bahehe,2621,Other African
UGA,2002,ethnicug,150,Bahororo,,
UGA,2002,ethnicug,160,Bakenyi,2621,Other African
UGA,2002,ethnicug,170,Bakhonzo,2607,Bakhonzo
UGA,2002,ethnicug,180,Bakiga,2608,Bakiga
UGA,2002,ethnicug,190,Banyabindi,2621,Other African
UGA,2002,ethnicug,200,Banyabutumbi,2621,Other African
UGA,2002,ethnicug,210,Banyakole,2609,Banyakole
UGA,2002,ethnicug,220,Banyara,2621,Other African
UGA,2002,ethnicug,230,Banyaruguru,2621,Other African
UGA,2002,ethnicug,240,Banyarwanda,2610,Banyarwanda
UGA,2002,ethnicug,250,Banyole,2611,Banyole
UGA,2002,ethnicug,260,Banyoro,2612,Banyoro
UGA,2002,ethnicug,270,Baruli,2621,Other African
UGA,2002,ethnicug,280,Barundi,2621,Other African
UGA,2002,ethnicug,290,Basamia,,
UGA,2002,ethnicug,300,Basoga,2613,Basoga
UGA,2002,ethnicug,310,Batagwenda,2621,Other African
UGA,2002,ethnicug,320,"Batoro, Batuku, Basongora",2614,Batoro
UGA,2002,ethnicug,321,Batoro,2614,Batoro
UGA,2002,ethnicug,322,Batuku,2614,Batoro
UGA,2002,ethnicug,323,Basongora,2614,Batoro
UGA,2002,ethnicug,330,Batwa,2621,Other African
UGA,2002,ethnicug,340,Baundi,2621,Other African
UGA,2002,ethnicug,350,Burundi,2621,Other African
UGA,2002,ethnicug,360,Chope,2621,Other African
UGA,2002,ethnicug,370,Ethur,2621,Other African
UGA,2002,ethnicug,380,Gimara,2621,Other African
UGA,2002,ethnicug,390,Ik (Teuso),2621,Other African
UGA,2002,ethnicug,400,Iteso,2615,Iteso
UGA,2002,ethnicug,410,Jie,2617,Karamojong
UGA,2002,ethnicug,420,Jonam,2621,Other African
UGA,2002,ethnicug,430,Jopadhola,2616,Jopadhola
UGA,2002,ethnicug,440,Kakwa,,
UGA,2002,ethnicug,450,"Karimojong, Dodoth, Tepeth, Suk",2617,Karamojong
UGA,2002,ethnicug,451,Karimojong,2617,Karamojong
UGA,2002,ethnicug,452,Dodoth,2621,Other African
UGA,2002,ethnicug,453,So (Tepeth),2621,Other African
UGA,2002,ethnicug,460,Kebu (Okebu),2621,Other African
UGA,2002,ethnicug,470,Kuku,2621,Other African
UGA,2002,ethnicug,480,Kumam,,
UGA,2002,ethnicug,490,Langi,2618,Langi
UGA,2002,ethnicug,500,Lendu,2621,Other African
UGA,2002,ethnicug,510,Lugbara,2619,Lugbara
UGA,2002,ethnicug,520,Madi,2620,Madi
UGA,2002,ethnicug,530,Mening,2621,Other African
UGA,2002,ethnicug,540,Mvuba,2621,Other African
UGA,2002,ethnicug,550,Napore,2621,Other African
UGA,2002,ethnicug,560,Ngikutio,2621,Other African
UGA,2002,ethnicug,570,Nubi,2621,Other African
UGA,2002,ethnicug,580,Nyangia,2621,Other African
UGA,2002,ethnicug,590,Pokot,2621,Other African
UGA,2002,ethnicug,600,Reli,2621,Other African
UGA,2002,ethnicug,610,Sabiny,2621,Other African
UGA,2002,ethnicug,620,Shana,2621,Other African
UGA,2002,ethnicug,640,Other Ugandan,2621,Other African
UGA,2002,ethnicug,1010,Algeria,2621,Other African
UGA,2002,ethnicug,1020,Burundi,2621,Other African
UGA,2002,ethnicug,1030,Chad,2621,Other African
UGA,2002,ethnicug,1040,Democratic Republic of the Congo,2621,Other African
UGA,2002,ethnicug,1050,Egypt,2621,Other African
UGA,2002,ethnicug,1060,Ethiopia,2621,Other African
UGA,2002,ethnicug,1070,Gambia,2621,Other African
UGA,2002,ethnicug,1080,Ghana,2621,Other African
UGA,2002,ethnicug,1090,Ivory Coast,2621,Other African
UGA,2002,ethnicug,1100,Kenya,2621,Other African
UGA,2002,ethnicug,1110,Libya,2621,Other African
UGA,2002,ethnicug,1120,Malawi,2621,Other African
UGA,2002,ethnicug,1130,Mauritania,2621,Other African
UGA,2002,ethnicug,1140,Mozambique,2621,Other African
UGA,2002,ethnicug,1150,Nigeria,2621,Other African
UGA,2002,ethnicug,1160,Rwanda,2621,Other African
UGA,2002,ethnicug,1170,Samia,2621,Other African
UGA,2002,ethnicug,1180,Senegal,2621,Other African
UGA,2002,ethnicug,1190,Somalia,2621,Other African
UGA,2002,ethnicug,1200,Sudan,2621,Other African
UGA,2002,ethnicug,1210,Tanzania,2621,Other African
UGA,2002,ethnicug,1220,Togo,2621,Other African
UGA,2002,ethnicug,1230,Zambia,2621,Other African
UGA,2002,ethnicug,1240,Zimbabwe,2621,Other African
UGA,2002,ethnicug,1250,Other PTA countries,2621,Other African
UGA,2002,ethnicug,1260,Other Africa,2621,Other African
UGA,2002,ethnicug,2010,Bangladesh,,
UGA,2002,ethnicug,2020,China,,
UGA,2002,ethnicug,2030,India,,
UGA,2002,ethnicug,2040,Japan,,
UGA,2002,ethnicug,2050,Middle East,,
UGA,2002,ethnicug,2060,North Korea,,
UGA,2002,ethnicug,2070,Pakistan,,
UGA,2002,ethnicug,2080,South Korea,,
UGA,2002,ethnicug,2090,Other Asia,,
UGA,2002,ethnicug,2099,"Asia, not specified",,
UGA,2002,ethnicug,3010,Australia and Oceania,,
UGA,2002,ethnicug,3020,Australia,,
UGA,2002,ethnicug,3030,Oceania,,
UGA,2002,ethnicug,4010,Belgium,,
UGA,2002,ethnicug,4020,Denmark,,
UGA,2002,ethnicug,4030,France,,
UGA,2002,ethnicug,4040,Germany,,
UGA,2002,ethnicug,4050,Greece,,
UGA,2002,ethnicug,4060,Hungary,,
UGA,2002,ethnicug,4070,Italy,,
UGA,2002,ethnicug,4080,Luxembourg,,
UGA,2002,ethnicug,4090,Netherlands,,
UGA,2002,ethnicug,4100,Norway,,
UGA,2002,ethnicug,4110,Soviet Union,,
UGA,2002,ethnicug,4120,Spain,,
UGA,2002,ethnicug,4130,Sweden,,
UGA,2002,ethnicug,4140,United Kingdom,,
UGA,2002,ethnicug,4150,Yugoslavia,,
UGA,2002,ethnicug,4160,Other EEC countries,,
UGA,2002,ethnicug,4170,Other Europe,,
UGA,2002,ethnicug,5010,Canada,,
UGA,2002,ethnicug,5020,Central and Latin America,,
UGA,2002,ethnicug,5030,Cuba,,
UGA,2002,ethnicug,5040,United States,,
UGA,2002,ethnicug,5050,Other America,,
UGA,2002,ethnicug,9980,"Non-Ugandan, not specified",2621,Other African
UGA,2002,ethnicug,9998,Response suppressed,,
UGA,2002,ethnicug,9999,Unknown,,
UGA,2014,ethnicug,10,Acholi,2601,Acholi
UGA,2014,ethnicug,20,Aliba,2621,Other African
UGA,2014,ethnicug,30,Alur,2602,Alur
UGA,2014,ethnicug,40,Aringa,2621,Other African
UGA,2014,ethnicug,50,Baamba,2621,Other African
UGA,2014,ethnicug,60,Babukusu,2621,Other African
UGA,2014,ethnicug,70,Babwisi,2621,Other African
UGA,2014,ethnicug,80,Bafumbira,2603,Bafumbira
UGA,2014,ethnicug,90,Baganda,2604,Baganda
UGA,2014,ethnicug,100,Bagisu,2605,Bagisu
UGA,2014,ethnicug,110,Bagungu,2621,Other African
UGA,2014,ethnicug,120,Bagwe,2621,Other African
UGA,2014,ethnicug,130,Bagwere,2606,Bagwere
UGA,2014,ethnicug,140,Bahehe,2621,Other African
UGA,2014,ethnicug,150,Bahororo,,
UGA,2014,ethnicug,160,Bakenyi,2621,Other African
UGA,2014,ethnicug,170,Bakhonzo,2607,Bakhonzo
UGA,2014,ethnicug,180,Bakiga,2608,Bakiga
UGA,2014,ethnicug,190,Banyabindi,2621,Other African
UGA,2014,ethnicug,200,Banyabutumbi,2621,Other African
UGA,2014,ethnicug,210,Banyakole,2609,Banyakole
UGA,2014,ethnicug,220,Banyara,2621,Other African
UGA,2014,ethnicug,230,Banyaruguru,2621,Other African
UGA,2014,ethnicug,240,Banyarwanda,2610,Banyarwanda
UGA,2014,ethnicug,250,Banyole,2611,Banyole
UGA,2014,ethnicug,260,Banyoro,2612,Banyoro
UGA,2014,ethnicug,270,Baruli,2621,Other African
UGA,2014,ethnicug,280,Barundi,2621,Other African
UGA,2014,ethnicug,290,Basamia,,
UGA,2014,ethnicug,300,Basoga,2613,Basoga
UGA,2014,ethnicug,310,Batagwenda,2621,Other African
UGA,2014,ethnicug,320,"Batoro, Batuku, Basongora",2614,Batoro
UGA,2014,ethnicug,321,Batoro,2614,Batoro
UGA,2014,ethnicug,322,Batuku,2614,Batoro
UGA,2014,ethnicug,323,Basongora,2614,Batoro
UGA,2014,ethnicug,330,Batwa,2621,Other African
UGA,2014,ethnicug,340,Baundi,2621,Other African
UGA,2014,ethnicug,350,Burundi,2621,Other African
UGA,2014,ethnicug,360,Chope,2621,Other African
UGA,2014,ethnicug,370,Ethur,2621,Other African
UGA,2014,ethnicug,380,Gimara,2621,Other African
UGA,2014,ethnicug,390,Ik (Teuso),2621,Other African
UGA,2014,ethnicug,400,Iteso,2615,Iteso
UGA,2014,ethnicug,410,Jie,2617,Karamojong
UGA,2014,ethnicug,420,Jonam,2621,Other African
UGA,2014,ethnicug,430,Jopadhola,2616,Jopadhola
UGA,2014,ethnicug,440,Kakwa,,
UGA,2014,ethnicug,450,"Karimojong, Dodoth, Tepeth, Suk",2617,Karamojong
UGA,2014,ethnicug,451,Karimojong,2617,Karamojong
UGA,2014,ethnicug,452,Dodoth,2621,Other African
UGA,2014,ethnicug,453,So (Tepeth),2621,Other African
UGA,2014,ethnicug,460,Kebu (Okebu),2621,Other African
UGA,2014,ethnicug,470,Kuku,2621,Other African
UGA,2014,ethnicug,480,Kumam,,
UGA,2014,ethnicug,490,Langi,2618,Langi
UGA,2014,ethnicug,500,Lendu,2621,Other African
UGA,2014,ethnicug,510,Lugbara,2619,Lugbara
UGA,2014,ethnicug,520,Madi,2620,Madi
UGA,2014,ethnicug,530,Mening,2621,Other African
UGA,2014,ethnicug,540,Mvuba,2621,Other African
UGA,2014,ethnicug,550,Napore,2621,Other African
UGA,2014,ethnicug,560,Ngikutio,2621,Other African
UGA,2014,ethnicug,570,Nubi,2621,Other African
UGA,2014,ethnicug,580,Nyangia,2621,Other African
UGA,2014,ethnicug,590,Pokot,2621,Other African
UGA,2014,ethnicug,600,Reli,2621,Other African
UGA,2014,ethnicug,610,Sabiny,2621,Other African
UGA,2014,ethnicug,620,Shana,2621,Other African
UGA,2014,ethnicug,640,Other Ugandan,2621,Other African
UGA,2014,ethnicug,1010,Algeria,2621,Other African
UGA,2014,ethnicug,1020,Burundi,2621,Other African
UGA,2014,ethnicug,1030,Chad,2621,Other African
UGA,2014,ethnicug,1040,Democratic Republic of the Congo,2621,Other African
UGA,2014,ethnicug,1050,Egypt,2621,Other African
UGA,2014,ethnicug,1060,Ethiopia,2621,Other African
UGA,2014,ethnicug,1070,Gambia,2621,Other African
UGA,2014,ethnicug,1080,Ghana,2621,Other African
UGA,2014,ethnicug,1090,Ivory Coast,2621,Other African
UGA,2014,ethnicug,1100,Kenya,2621,Other African
UGA,2014,ethnicug,1110,Libya,2621,Other African
UGA,2014,ethnicug,1120,Malawi,2621,Other African
UGA,2014,ethnicug,1130,Mauritania,2621,Other African
UGA,2014,ethnicug,1140,Mozambique,2621,Other African
UGA,2014,ethnicug,1150,Nigeria,2621,Other African
UGA,2014,ethnicug,1160,Rwanda,2621,Other African
UGA,2014,ethnicug,1170,Samia,2621,Other African
UGA,2014,ethnicug,1180,Senegal,2621,Other African
UGA,2014,ethnicug,1190,Somalia,2621,Other African
UGA,2014,ethnicug,1200,Sudan,2621,Other African
UGA,2014,ethnicug,1210,Tanzania,2621,Other African
UGA,2014,ethnicug,1220,Togo,2621,Other African
UGA,2014,ethnicug,1230,Zambia,2621,Other African
UGA,2014,ethnicug,1240,Zimbabwe,2621,Other African
UGA,2014,ethnicug,1250,Other PTA countries,2621,Other African
UGA,2014,ethnicug,1260,Other Africa,2621,Other African
UGA,2014,ethnicug,2010,Bangladesh,,
UGA,2014,ethnicug,2020,China,,
UGA,2014,ethnicug,2030,India,,
UGA,2014,ethnicug,2040,Japan,,
UGA,2014,ethnicug,2050,Middle East,,
UGA,2014,ethnicug,2060,North Korea,,
UGA,2014,ethnicug,2070,Pakistan,,
UGA,2014,ethnicug,2080,South Korea,,
UGA,2014,ethnicug,2090,Other Asia,,
UGA,2014,ethnicug,2099,"Asia, not specified",,
UGA,2014,ethnicug,3010,Australia and Oceania,,
UGA,2014,ethnicug,3020,Australia,,
UGA,2014,ethnicug,3030,Oceania,,
UGA,2014,ethnicug,4010,Belgium,,
UGA,2014,ethnicug,4020,Denmark,,
UGA,2014,ethnicug,4030,France,,
UGA,2014,ethnicug,4040,Germany,,
UGA,2014,ethnicug,4050,Greece,,
UGA,2014,ethnicug,4060,Hungary,,
UGA,2014,ethnicug,4070,Italy,,
UGA,2014,ethnicug,4080,Luxembourg,,
UGA,2014,ethnicug,4090,Netherlands,,
UGA,2014,ethnicug,4100,Norway,,
UGA,2014,ethnicug,4110,Soviet Union,,
UGA,2014,ethnicug,4120,Spain,,
UGA,2014,ethnicug,4130,Sweden,,
UGA,2014,ethnicug,4140,United Kingdom,,
UGA,2014,ethnicug,4150,Yugoslavia,,
UGA,2014,ethnicug,4160,Other EEC countries,,
UGA,2014,ethnicug,4170,Other Europe,,
UGA,2014,ethnicug,5010,Canada,,
UGA,2014,ethnicug,5020,Central and Latin America,,
UGA,2014,ethnicug,5030,Cuba,,
UGA,2014,ethnicug,5040,United States,,
UGA,2014,ethnicug,5050,Other America,,
UGA,2014,ethnicug,9980,"Non-Ugandan, not specified",2621,Other African
UGA,2014,ethnicug,9998,Response suppressed,,
UGA,2014,ethnicug,9999,Unknown,,
ZMB,1990,ethniczm,1,Bemba,2701,Bemba
ZMB,1990,ethniczm,2,Lunda (Luapula),2701,Bemba
ZMB,1990,ethniczm,3,Lala,2703,Lala
ZMB,1990,ethniczm,4,Bisa,2704,Bisa
ZMB,1990,ethniczm,5,Ushi,2705,Ushi
ZMB,1990,ethniczm,6,Chishinga,2701,Bemba
ZMB,1990,ethniczm,7,Ngumbo,2701,Bemba
ZMB,1990,ethniczm,8,Lamba,2706,Lamba
ZMB,1990,ethniczm,9,Kabende,2701,Bemba
ZMB,1990,ethniczm,10,Tabwa,2701,Bemba
ZMB,1990,ethniczm,11,Swaka,2703,Lala
ZMB,1990,ethniczm,12,Mukulu,2701,Bemba
ZMB,1990,ethniczm,13,Ambo,2703,Lala
ZMB,1990,ethniczm,14,Lima,2706,Lamba
ZMB,1990,ethniczm,15,Shila,2701,Bemba
ZMB,1990,ethniczm,16,Unga,2701,Bemba
ZMB,1990,ethniczm,17,Bwile,2701,Bemba
ZMB,1990,ethniczm,18,Luano,2703,Lala
ZMB,1990,ethniczm,19,Tonga,2707,Tonga
ZMB,1990,ethniczm,20,Lenje,2707,Tonga
ZMB,1990,ethniczm,21,Soli,2707,Tonga
ZMB,1990,ethniczm,22,Ila,2707,Tonga
ZMB,1990,ethniczm,23,Toka-Leya,2707,Tonga
ZMB,1990,ethniczm,24,Sala,2707,Tonga
ZMB,1990,ethniczm,25,Gowa,2707,Tonga
ZMB,1990,ethniczm,26,Luvale,2709,Luvale
ZMB,1990,ethniczm,27,Lunda (North-western),2702,Lunda
ZMB,1990,ethniczm,28,Mbunda,2702,Lunda
ZMB,1990,ethniczm,29,Luchazi,2702,Lunda
ZMB,1990,ethniczm,30,Ndembu,2702,Lunda
ZMB,1990,ethniczm,31,Mbowe,2702,Lunda
ZMB,1990,ethniczm,32,Chokwe,2702,Lunda
ZMB,1990,ethniczm,33,Kaonde subgroup,2711,Kaonde subgroup
ZMB,1990,ethniczm,34,Luyana subgroup,2712,Lozi
ZMB,1990,ethniczm,35,Kwangwa,2712,Lozi
ZMB,1990,ethniczm,36,Kwandi,2712,Lozi
ZMB,1990,ethniczm,37,Koma,2712,Lozi
ZMB,1990,ethniczm,38,Nyengo,2702,Lunda
ZMB,1990,ethniczm,39,Simaa,2712,Lozi
ZMB,1990,ethniczm,40,Mwenyi,2712,Lozi
ZMB,1990,ethniczm,41,Imilangu,2712,Lozi
ZMB,1990,ethniczm,42,Mashi,2712,Lozi
ZMB,1990,ethniczm,43,Lozi,2712,Lozi
ZMB,1990,ethniczm,44,Totela,2712,Lozi
ZMB,1990,ethniczm,45,Subiya,2712,Lozi
ZMB,1990,ethniczm,46,Nkoya,2712,Lozi
ZMB,1990,ethniczm,47,Mashasha,2712,Lozi
ZMB,1990,ethniczm,48,Chewa,2713,Chewa
ZMB,1990,ethniczm,49,Nsenga,2714,Nsenga
ZMB,1990,ethniczm,50,Ngoni,2715,Ngoni
ZMB,1990,ethniczm,51,Nyanja,2716,Nyanja
ZMB,1990,ethniczm,52,Kunda,2716,Nyanja
ZMB,1990,ethniczm,53,Chikunda,2716,Nyanja
ZMB,1990,ethniczm,54,Lungu,2717,Mambwe
ZMB,1990,ethniczm,55,Mambwe,2717,Mambwe
ZMB,1990,ethniczm,56,Namwanga,2718,Namwanga
ZMB,1990,ethniczm,57,Wina,2717,Mambwe
ZMB,1990,ethniczm,58,Tambo,2717,Mambwe
ZMB,1990,ethniczm,59,Tumbuka,2719,Tumbuka
ZMB,1990,ethniczm,60,Senga,2719,Tumbuka
ZMB,1990,ethniczm,61,Yombe,2719,Tumbuka
ZMB,1990,ethniczm,64,African,2720,Other African
ZMB,1990,ethniczm,65,American,,
ZMB,1990,ethniczm,66,Asian,,
ZMB,1990,ethniczm,67,European,,
ZMB,1990,ethniczm,68,Other,,
ZMB,1990,ethniczm,99,Unknown,,
ZMB,2000,ethniczm,1,Bemba,2701,Bemba
ZMB,2000,ethniczm,2,Lunda (Luapula),2701,Bemba
ZMB,2000,ethniczm,3,Lala,2703,Lala
ZMB,2000,ethniczm,4,Bisa,2704,Bisa
ZMB,2000,ethniczm,5,Ushi,2705,Ushi
ZMB,2000,ethniczm,6,Chishinga,2701,Bemba
ZMB,2000,ethniczm,7,Ngumbo,2701,Bemba
ZMB,2000,ethniczm,8,Lamba,2706,Lamba
ZMB,2000,ethniczm,9,Kabende,2701,Bemba
ZMB,2000,ethniczm,10,Tabwa,2701,Bemba
ZMB,2000,ethniczm,11,Swaka,2703,Lala
ZMB,2000,ethniczm,12,Mukulu,2701,Bemba
ZMB,2000,ethniczm,13,Ambo,2703,Lala
ZMB,2000,ethniczm,14,Lima,2706,Lamba
ZMB,2000,ethniczm,15,Shila,2701,Bemba
ZMB,2000,ethniczm,16,Unga,2701,Bemba
ZMB,2000,ethniczm,17,Bwile,2701,Bemba
ZMB,2000,ethniczm,18,Luano,2703,Lala
ZMB,2000,ethniczm,19,Tonga,2707,Tonga
ZMB,2000,ethniczm,20,Lenje,2707,Tonga
ZMB,2000,ethniczm,21,Soli,2707,Tonga
ZMB,2000,ethniczm,22,Ila,2707,Tonga
ZMB,2000,ethniczm,23,Toka-Leya,2707,Tonga
ZMB,2000,ethniczm,24,Sala,2707,Tonga
ZMB,2000,ethniczm,25,Gowa,2707,Tonga
ZMB,2000,ethniczm,26,Luvale,2709,Luvale
ZMB,2000,ethniczm,27,Lunda (North-western),2702,Lunda
ZMB,2000,ethniczm,28,Mbunda,2702,Lunda
ZMB,2000,ethniczm,29,Luchazi,2702,Lunda
ZMB,2000,ethniczm,30,Ndembu,2702,Lunda
ZMB,2000,ethniczm,31,Mbowe,2702,Lunda
ZMB,2000,ethniczm,32,Chokwe,2702,Lunda
ZMB,2000,ethniczm,33,Kaonde subgroup,2711,Kaonde subgroup
ZMB,2000,ethniczm,34,Luyana subgroup,2712,Lozi
ZMB,2000,ethniczm,35,Kwangwa,2712,Lozi
ZMB,2000,ethniczm,36,Kwandi,2712,Lozi
ZMB,2000,ethniczm,37,Koma,2712,Lozi
ZMB,2000,ethniczm,38,Nyengo,2702,Lunda
ZMB,2000,ethniczm,39,Simaa,2712,Lozi
ZMB,2000,ethniczm,40,Mwenyi,2712,Lozi
ZMB,2000,ethniczm,41,Imilangu,2712,Lozi
ZMB,2000,ethniczm,42,Mashi,2712,Lozi
ZMB,2000,ethniczm,43,Lozi,2712,Lozi
ZMB,2000,ethniczm,44,Totela,2712,Lozi
ZMB,2000,ethniczm,45,Subiya,2712,Lozi
ZMB,2000,ethniczm,46,Nkoya,2712,Lozi
ZMB,2000,ethniczm,47,Mashasha,2712,Lozi
ZMB,2000,ethniczm,48,Chewa,2713,Chewa
ZMB,2000,ethniczm,49,Nsenga,2714,Nsenga
ZMB,2000,ethniczm,50,Ngoni,2715,Ngoni
ZMB,2000,ethniczm,51,Nyanja,2716,Nyanja
ZMB,2000,ethniczm,52,Kunda,2716,Nyanja
ZMB,2000,ethniczm,53,Chikunda,2716,Nyanja
ZMB,2000,ethniczm,54,Lungu,2717,Mambwe
ZMB,2000,ethniczm,55,Mambwe,2717,Mambwe
ZMB,2000,ethniczm,56,Namwanga,2718,Namwanga
ZMB,2000,ethniczm,57,Wina,2717,Mambwe
ZMB,2000,ethniczm,58,Tambo,2717,Mambwe
ZMB,2000,ethniczm,59,Tumbuka,2719,Tumbuka
ZMB,2000,ethniczm,60,Senga,2719,Tumbuka
ZMB,2000,ethniczm,61,Yombe,2719,Tumbuka
ZMB,2000,ethniczm,64,African,2720,Other African
ZMB,2000,ethniczm,65,American,,
ZMB,2000,ethniczm,66,Asian,,
ZMB,2000,ethniczm,67,European,,
ZMB,2000,ethniczm,68,Other,,
ZMB,2000,ethniczm,99,Unknown,,
ZMB,2010,ethniczm,1,Bemba,2701,Bemba
ZMB,2010,ethniczm,2,Lunda (Luapula),2701,Bemba
ZMB,2010,ethniczm,3,Lala,2703,Lala
ZMB,2010,ethniczm,4,Bisa,2704,Bisa
ZMB,2010,ethniczm,5,Ushi,2705,Ushi
ZMB,2010,ethniczm,6,Chishinga,2701,Bemba
ZMB,2010,ethniczm,7,Ngumbo,2701,Bemba
ZMB,2010,ethniczm,8,Lamba,2706,Lamba
ZMB,2010,ethniczm,9,Kabende,2701,Bemba
ZMB,2010,ethniczm,10,Tabwa,2701,Bemba
ZMB,2010,ethniczm,11,Swaka,2703,Lala
ZMB,2010,ethniczm,12,Mukulu,2701,Bemba
ZMB,2010,ethniczm,13,Ambo,2703,Lala
ZMB,2010,ethniczm,14,Lima,2706,Lamba
ZMB,2010,ethniczm,15,Shila,2701,Bemba
ZMB,2010,ethniczm,16,Unga,2701,Bemba
ZMB,2010,ethniczm,17,Bwile,2701,Bemba
ZMB,2010,ethniczm,18,Luano,2703,Lala
ZMB,2010,ethniczm,19,Tonga,2707,Tonga
ZMB,2010,ethniczm,20,Lenje,2707,Tonga
ZMB,2010,ethniczm,21,Soli,2707,Tonga
ZMB,2010,ethniczm,22,Ila,2707,Tonga
ZMB,2010,ethniczm,23,Toka-Leya,2707,Tonga
ZMB,2010,ethniczm,24,Sala,2707,Tonga
ZMB,2010,ethniczm,25,Gowa,2707,Tonga
ZMB,2010,ethniczm,26,Luvale,2709,Luvale
ZMB,2010,ethniczm,27,Lunda (North-western),2702,Lunda
ZMB,2010,ethniczm,28,Mbunda,2702,Lunda
ZMB,2010,ethniczm,29,Luchazi,2702,Lunda
ZMB,2010,ethniczm,30,Ndembu,2702,Lunda
ZMB,2010,ethniczm,31,Mbowe,2702,Lunda
ZMB,2010,ethniczm,32,Chokwe,2702,Lunda
ZMB,2010,ethniczm,33,Kaonde subgroup,2711,Kaonde subgroup
ZMB,2010,ethniczm,34,Luyana subgroup,2712,Lozi
ZMB,2010,ethniczm,35,Kwangwa,2712,Lozi
ZMB,2010,ethniczm,36,Kwandi,2712,Lozi
ZMB,2010,ethniczm,37,Koma,2712,Lozi
ZMB,2010,ethniczm,38,Nyengo,2702,Lunda
ZMB,2010,ethniczm,39,Simaa,2712,Lozi
ZMB,2010,ethniczm,40,Mwenyi,2712,Lozi
ZMB,2010,ethniczm,41,Imilangu,2712,Lozi
ZMB,2010,ethniczm,42,Mashi,2712,Lozi
ZMB,2010,ethniczm,43,Lozi,2712,Lozi
ZMB,2010,ethniczm,44,Totela,2712,Lozi
ZMB,2010,ethniczm,45,Subiya,2712,Lozi
ZMB,2010,ethniczm,46,Nkoya,2712,Lozi
ZMB,2010,ethniczm,47,Mashasha,2712,Lozi
ZMB,2010,ethniczm,48,Chewa,2713,Chewa
ZMB,2010,ethniczm,49,Nsenga,2714,Nsenga
ZMB,2010,ethniczm,50,Ngoni,2715,Ngoni
ZMB,2010,ethniczm,51,Nyanja,2716,Nyanja
ZMB,2010,ethniczm,52,Kunda,2716,Nyanja
ZMB,2010,ethniczm,53,Chikunda,2716,Nyanja
ZMB,2010,ethniczm,54,Lungu,2717,Mambwe
ZMB,2010,ethniczm,55,Mambwe,2717,Mambwe
ZMB,2010,ethniczm,56,Namwanga,2718,Namwanga
ZMB,2010,ethniczm,57,Wina,2717,Mambwe
ZMB,2010,ethniczm,58,Tambo,2717,Mambwe
ZMB,2010,ethniczm,59,Tumbuka,2719,Tumbuka
ZMB,2010,ethniczm,60,Senga,2719,Tumbuka
ZMB,2010,ethniczm,61,Yombe,2719,Tumbuka
ZMB,2010,ethniczm,64,African,2720,Other African
ZMB,2010,ethniczm,65,American,,
ZMB,2010,ethniczm,66,Asian,,
ZMB,2010,ethniczm,67,European,,
ZMB,2010,ethniczm,68,Other,,
ZMB,2010,ethniczm,99,Unknown,,
